TweetsData/selenagomez.csv;2018-05-04 23:22;14024;68987;"I wanna hold you when I’m not supposed to… pic.twitter.com/Q03X6VCF64"
TweetsData/selenagomez.csv;2018-05-04 00:02;9434;35640;"Are you guys ready for @13ReasonsWhy Season 2 on May 18? Listen to all the music from the series on my @Spotify playlist: http:// smarturl.it/13ReasonsPlayl ist …"
TweetsData/selenagomez.csv;2018-05-02 23:59;9477;41620;"Presave #BackToYou and you’ll be entered to win a @Puma Phenom Lux Prize Pack! http:// smarturl.it/BackToYouPresa ve … pic.twitter.com/dpk6bAAd0x"
TweetsData/selenagomez.csv;2018-05-02 00:04;26917;89037;"#BackToYou . Out May 10th, part of the @13ReasonsWhy S2 soundtrack. I’m so excited for you guys to hear it. pic.twitter.com/BsWAQEx0RW"
TweetsData/selenagomez.csv;2018-04-22 02:26;7140;42824;"So inspired by your work https:// twitter.com/crisalexjimene z/status/987370672363106304 …"
TweetsData/selenagomez.csv;2017-12-21 04:41;8990;44927;"Go behind the scenes of Wolves, directed by the amazing Colin Tilley. https:// youtu.be/Bzu4G8uZs-4"
TweetsData/selenagomez.csv;2017-12-20 03:40;16723;88860;"Get a look behind the scenes of the Wolves video tomorrow! pic.twitter.com/sOdGjBu3xt"
TweetsData/selenagomez.csv;2017-12-01 13:05;34793;182255;"Thank you @billboard pic.twitter.com/3zkRR6C5BO"
TweetsData/selenagomez.csv;2017-11-18 00:08;16212;60604;"Wolves video x @marshmellomusic is out now! Watch it first on @applemusic . http:// smarturl.it/WolvesApple pic.twitter.com/yaBVR97DSZ"
TweetsData/selenagomez.csv;2017-11-17 11:29;17164;63813;"WOLVES video x @marshmellomusic tomorrow. Watch it first on @applemusic . http:// apple.co/WolvesSingle pic.twitter.com/soW8kpzcG0"
TweetsData/selenagomez.csv;2017-11-09 04:01;13831;55507;"LA! Check out the Wolves Wall on Sunset & Stanley, now through the @AMAs on November 19th. Tag your photos of the mural with #SELENAxAMAs ! pic.twitter.com/1hURstXAu4"
TweetsData/selenagomez.csv;2017-11-07 02:01;24647;80990;"Here’s a first look at the music video for Wolves! Tune-in to the @amas Nov 19th to see me perform it live for the first time. #SELENAxAMAs pic.twitter.com/dYD1JvGa1k"
TweetsData/selenagomez.csv;2017-11-01 03:07;24387;118335;"Thank you @billboard ! https:// twitter.com/billboard/stat us/925371099692654592 …"
TweetsData/selenagomez.csv;2017-10-28 16:52;13605;63098;"Love to @BBCR1 for making #Wolves their Tune of the Weekend listen in to hear it pic.twitter.com/TwcYr05pJ3"
TweetsData/selenagomez.csv;2017-10-28 03:41;14923;67798;"Thanks to everyone for listening to Wolves and to @spotify for all the support! http:// smarturl.it/NewMusicFriday sp … pic.twitter.com/R2SuSTZTOn"
TweetsData/selenagomez.csv;2017-10-27 00:01;25070;102599;"Wolves x @MarshmelloMusic is out now! http:// smarturl.it/WolvesSG pic.twitter.com/oZA8d8gRWI"
TweetsData/selenagomez.csv;2017-10-26 22:27;16931;64960;"Can't wait- https:// twitter.com/amas/status/92 3549810686230530 …"
TweetsData/selenagomez.csv;2017-10-26 00:47;14074;51550;"Check out an exclusive visual for Wolves with @marshmellomusic , out now on @Spotify ’s Today’s Top Hits Playlist. http:// smarturl.it/WolvesTTH pic.twitter.com/1zLy5GtdDu"
TweetsData/selenagomez.csv;2017-10-25 05:38;18298;61326;"Check out the official lyrics for Wolves x @marshmellomusic , before it's out tomorrow: http:// smarturl.it/WolvesLyrics pic.twitter.com/urXYA72RFz"
TweetsData/selenagomez.csv;2017-10-25 03:17;10280;34857;"Presave Wolves x @marshmellomusic now and tune in tomorrow for an exclusive vertical video on @Spotify . http:// smarturl.it/WolvesPresave pic.twitter.com/Qf2KrpNJ9u"
TweetsData/selenagomez.csv;2017-10-25 01:04;24836;83911;"Wolves is out tomorrow morning. @marshmellomusic pic.twitter.com/1Gz7ZOVLu6"
TweetsData/selenagomez.csv;2017-10-24 06:32;14424;58241;"Presave my new song Wolves with @marshmellomusic to be the first to hear it on @spotify Wednesday! http:// smarturl.it/WolvesPresave pic.twitter.com/yEzCeMkuKK"
TweetsData/selenagomez.csv;2017-10-24 01:10;36012;136847;"I've been running through the jungle, I've been crying with the wolves. 10.25. pic.twitter.com/ZN9vZTcPnZ"
TweetsData/selenagomez.csv;2017-10-20 06:30;31451;116354;"Coming 10.25... WOLVES x @marshmellomusic pic.twitter.com/DdctDKXgtc"
TweetsData/selenagomez.csv;2017-10-20 06:20;52223;260157;"Selenators, meet the mellogang. pic.twitter.com/46Ed4x3Xg4"
TweetsData/selenagomez.csv;2017-09-20 12:56;65683;262478;"Praying for everyone in Mexico City. So devastated."
TweetsData/selenagomez.csv;2017-09-20 03:59;15162;84140;"Enter to win the @Coach Selena Grace bag by listening on @Spotify . Top Selenators get their name on my site! http:// smarturl.it/SGSpotifyConte st … pic.twitter.com/q2xK3KWJLI"
TweetsData/selenagomez.csv;2017-09-05 00:13;7763;38489;"You can now listen to ‘Fetish’ ( @WeAreGalantis Remix) on @spotify ’s dancePOP playlist!! http:// smarturl.it/dancepopsp"
TweetsData/selenagomez.csv;2017-08-31 04:44;16692;70955;"So devastated about the crisis in my home state of Texas. Let's all help- donating here in case you can too: http:// bit.ly/2wLUn1r"
TweetsData/selenagomez.csv;2017-08-23 12:46;11382;47629;"Fetish ( @WeAreGalantis Remix) is out now! Listen here: http:// smarturl.it/FetishRmx pic.twitter.com/1deEHoWGLU"
TweetsData/selenagomez.csv;2017-08-23 06:56;13204;56839;"Surprise! @wearegalantis remix of ‘Fetish’ comes out at midnight ET and YOU GUYS helped inspire the art. Can’t wait for you to hear it. pic.twitter.com/wCIfvEvB9W"
TweetsData/selenagomez.csv;2017-08-17 01:02;9428;44758;"Stream ‘Fetish’ to unlock an exclusive look behind the scenes of the Fetish video before anyone else. http:// smarturl.it/FetishBTS pic.twitter.com/YVdbIOUShu"
TweetsData/selenagomez.csv;2017-08-15 03:32;8580;34277;"I have to run but maybe I should do this more often! Thx for hanging & listening to my music. xo #StreamWithSelena http:// smarturl.it/SGTheHits"
TweetsData/selenagomez.csv;2017-08-15 03:30;8612;39138;"My little sister Gracie. She's 4 and cooler than me. https:// twitter.com/ceci20gs/statu s/897178099816824832 …"
TweetsData/selenagomez.csv;2017-08-15 03:29;5834;25085;"Depends on my mood! #streamwithselena https:// twitter.com/MyLifeIsSelG/s tatus/897176198530433024 …"
TweetsData/selenagomez.csv;2017-08-15 03:28;7993;31187;"Remind myself what I stand for https:// twitter.com/obriensxlena/s tatus/897177783608258561 …"
TweetsData/selenagomez.csv;2017-08-15 03:27;6424;28368;"Chocolate https:// twitter.com/katia_gebriout /status/897175804202889216 …"
TweetsData/selenagomez.csv;2017-08-15 03:26;5525;24385;"My experiences, people just help pull it out of me https:// twitter.com/annareginel/st atus/897175804689494016 …"
TweetsData/selenagomez.csv;2017-08-15 03:26;5293;22516;"Who's listening to 'Love You Like A Love Song' with me? #StreamWithSelena http:// smarturl.it/SGTheHits"
TweetsData/selenagomez.csv;2017-08-15 03:26;6874;27263;"Eat and talk about everything and nothing https:// twitter.com/selenaisbest22 /status/897177054910836736 …"
TweetsData/selenagomez.csv;2017-08-15 03:25;6375;29161;"Alice in Wonderland https:// twitter.com/touchitddlovat o/status/897177055309287425 …"
TweetsData/selenagomez.csv;2017-08-15 03:25;4574;21143;"Or 16 Candles https:// twitter.com/banedario/stat us/897177055418298368 …"
TweetsData/selenagomez.csv;2017-08-15 03:25;6446;25829;"Spanish would be my top but then French https:// twitter.com/loveofselgomez /status/897177055619670016 …"
TweetsData/selenagomez.csv;2017-08-15 03:24;8768;29122;"French https:// twitter.com/loveofselgomez /status/897177055619670016 …"
TweetsData/selenagomez.csv;2017-08-15 03:24;7378;21827;"Treat others how you wish to be treated. #streamwithselena https:// twitter.com/lillyf413/stat us/897175755997630464 …"
TweetsData/selenagomez.csv;2017-08-15 03:24;3415;16218;"Anything with cream cheese frosting https:// twitter.com/kookie1098/sta tus/897174173956624384 …"
TweetsData/selenagomez.csv;2017-08-15 03:23;4919;22344;"I'll always go home. It's where my heart is. https:// twitter.com/argentafranco/ status/897174174401273856 …"
TweetsData/selenagomez.csv;2017-08-15 03:23;7242;30565;"Now Playing: The Heart Wants What It Wants http:// smarturl.it/SGTheHits pic.twitter.com/pPAwL8BGZR"
TweetsData/selenagomez.csv;2017-08-15 03:23;5023;21824;"Sometimes I have to even if it's not perfected https:// twitter.com/yasselenagomez /status/897175679917330432 …"
TweetsData/selenagomez.csv;2017-08-15 03:22;5284;22306;"Camouflage https:// twitter.com/ohanajelena/st atus/897175680265457664 …"
TweetsData/selenagomez.csv;2017-08-15 03:18;4681;21118;"A Heart Like His https:// twitter.com/vogueselena/st atus/897173978506309635 …"
TweetsData/selenagomez.csv;2017-08-15 03:17;4759;18375;"Up next: My favorite song from Revival, Me & The Rhythm (Sober was a close second.) #StreamWithSelena http:// smarturl.it/SGThehits"
TweetsData/selenagomez.csv;2017-08-15 03:17;3752;18167;"Quail egg https:// twitter.com/bieberftwings/ status/897173978799677440 …"
TweetsData/selenagomez.csv;2017-08-15 03:16;5437;22841;"I really like "me and the rhythm" https:// twitter.com/smgftkylie/sta tus/897173980150472704 …"
TweetsData/selenagomez.csv;2017-08-15 03:15;5684;24648;"Now playing: Hands To Myself! #StreamWithSelena pic.twitter.com/dtJhwZfavf"
TweetsData/selenagomez.csv;2017-08-15 03:15;5295;22677;"It was so much fun. I was in a room full of boys. They were all on their phones. https:// twitter.com/thatheartselen a/status/897173983044489217 …"
TweetsData/selenagomez.csv;2017-08-15 03:15;4401;18139;"I like feeling like i'm creating a whole new sound each time I collaborate. @KygoMusic 's sound is so unique, I loved being a part of it. https:// twitter.com/buterasgomez/s tatus/897173718472019969 …"
TweetsData/selenagomez.csv;2017-08-15 03:14;4038;17547;"I don't have favorites. I have recents. I just watched Lake Mungo https:// twitter.com/melaniesweed/s tatus/897173985514799104 …"
TweetsData/selenagomez.csv;2017-08-15 03:12;4673;19815;"I always have that on every album! https:// twitter.com/stained/status /897173232494751747 …"
TweetsData/selenagomez.csv;2017-08-15 03:11;5604;22203;"Slow Down https:// twitter.com/selenaftcamila /status/897173127284895744 …"
TweetsData/selenagomez.csv;2017-08-15 03:11;7998;26482;"Eminem! #StreamWithSelena https:// twitter.com/SelenaHQ/statu s/897173246881259520 …"
TweetsData/selenagomez.csv;2017-08-15 03:10;13933;38450;"I love my Brazilian fans! https:// twitter.com/fclosviolettos /status/897172962008346624 …"
TweetsData/selenagomez.csv;2017-08-15 03:10;4584;20195;"I don't know. I have always preferred piano https:// twitter.com/selenasmodel/s tatus/897172887714627585 …"
TweetsData/selenagomez.csv;2017-08-15 03:10;4314;16538;"Now let’s listen to ‘It Ain’t Me’ with @kygomusic . This was such a fun one to make! http:// smarturl.it/SGTheHits #StreamWithSelena"
TweetsData/selenagomez.csv;2017-08-15 03:09;5319;23111;"Most of the time I am. I'm just really good at covering it up https:// twitter.com/genesismadelyn e/status/897172761726070786 …"
TweetsData/selenagomez.csv;2017-08-15 03:09;4485;18392;"Lately? That I'm moving to Europe... so random. #StreamWithSelena https:// twitter.com/zohrashah12/st atus/897152741084086274 …"
TweetsData/selenagomez.csv;2017-08-15 03:07;5273;16177;"With confidence, you just have to believe it until it's natural. Don't just say it. Believe it. #StreamWithSelena https:// twitter.com/sunshine78151/ status/897153260712321025 …"
TweetsData/selenagomez.csv;2017-08-15 03:07;4699;17561;"The album making process because I learned so much about myself as an artist #streamwithselena https:// twitter.com/gomezremixes/s tatus/897172069808558081 …"
TweetsData/selenagomez.csv;2017-08-15 03:07;5541;21105;"Kill Em With Kindness is up next… a song that’s close to my heart now more than ever. http:// smarturl.it/SGTheHits #StreamWithSelena pic.twitter.com/droSLJYFfi"
TweetsData/selenagomez.csv;2017-08-15 03:06;4272;16757;"I have to always grow #streamwithselena https:// twitter.com/adoregomez/sta tus/897172079145091072 …"
TweetsData/selenagomez.csv;2017-08-15 03:05;5326;21459;"Yes - there's one that is really special to me. It's ballad. https:// twitter.com/selenagomeznew s/status/897171280042000384 …"
TweetsData/selenagomez.csv;2017-08-15 03:04;4459;18607;"I got the most inspiration during seasons of change https:// twitter.com/gomezsource/st atus/897171336379990016 …"
TweetsData/selenagomez.csv;2017-08-15 03:03;5358;23540;"Connecting with my fans! And filters. https:// twitter.com/gomezsconda/st atus/897171156104556544 …"
TweetsData/selenagomez.csv;2017-08-15 03:03;4764;18758;"Now let’s throw it back to Revival with Good For You. http:// smarturl.it/SGTheHits #StreamWithSelena pic.twitter.com/GRbCzRCkqe"
TweetsData/selenagomez.csv;2017-08-15 03:03;6357;22035;"#GameOfThrones I finished the third season yesterday. No spoilers! #streamwithselena https:// twitter.com/soberpieces/st atus/897152524859396096 …"
TweetsData/selenagomez.csv;2017-08-15 03:02;8022;33252;"I like "Wild Thoughts" with Rihanna https:// twitter.com/selenaquality/ status/897170108870688768 …"
TweetsData/selenagomez.csv;2017-08-15 03:01;4160;17956;"Pieces by Amanda Cook https:// twitter.com/dualrpa/status /897170517555281921 …"
TweetsData/selenagomez.csv;2017-08-15 03:01;4365;16941;"Probably the mom character! It was such a twist at the end, I love how it all came together. #streamwithselena https:// twitter.com/selrianation/s tatus/897154948273754112 …"
TweetsData/selenagomez.csv;2017-08-15 03:00;4457;18806;"Being able to learn from someone else's sound and combining it with mine https:// twitter.com/selenagomeznew s/status/897169993145737216 …"
TweetsData/selenagomez.csv;2017-08-15 03:00;4757;19930;"Next on the playlist is Bad Liar! http:// smarturl.it/SGTheHits #StreamWithSelena pic.twitter.com/fgIIV8a3Mw"
TweetsData/selenagomez.csv;2017-08-15 03:00;4419;16709;"I love being able to collaborate w/different artists & producers so every song is new and different. #streamwithsel Can't name anyone yet.. https:// twitter.com/kfcselen/statu s/896891058503565314 …"
TweetsData/selenagomez.csv;2017-08-15 02:59;4463;18601;"Not telling! https:// twitter.com/selenagomeznew s/status/897170516053807104 …"
TweetsData/selenagomez.csv;2017-08-15 02:59;7714;37437;"Yes, I can sing @gucci1017 's part"
TweetsData/selenagomez.csv;2017-08-15 02:56;6216;29075;"Being able to work with @gucci1017 again. #goals"
TweetsData/selenagomez.csv;2017-08-15 02:55;5141;18377;"Here we go! Listen along on http:// smarturl.it/SGTheHits . First up, Fetish ft. @gucci1017 . #StreamWithSelena pic.twitter.com/J5m2IUc8CD"
TweetsData/selenagomez.csv;2017-08-15 02:31;5555;20651;"#StreamWithSelena starts in 30 minutes. Get ready to push play on http:// smarturl.it/SGTheHits on @spotify and tweet me your questions! pic.twitter.com/tY4mosThbM"
TweetsData/selenagomez.csv;2017-08-14 08:25;9230;37446;"Join me for a listening party and Q&A tmrw at 12 pm PT. Get ready by following http:// smarturl.it/SGTheHits on @Spotify & using #StreamWithSelena pic.twitter.com/HR5X765Bal"
TweetsData/selenagomez.csv;2017-08-11 07:25;15843;74880;"Press and hold on the @Snapchat camera when listening to “Fetish” to @Shazam and unlock my exclusive filter! pic.twitter.com/K7KzDpqHd6"
TweetsData/selenagomez.csv;2017-08-05 06:15;10807;60029;"TONIGHT! Watch #WEday on CBS at 8/7c. @wemovement pic.twitter.com/1OvHa8rTM6"
TweetsData/selenagomez.csv;2017-08-04 07:07;22238;92808;"Ahhh! thank you Instyle!! Wearing @coach for the @InStyle September cover and showing a sneak peek at my new bag I designed. pic.twitter.com/WUOxKo43bs"
TweetsData/selenagomez.csv;2017-08-02 06:36;12309;44941;"I push you out and you come right back… Watch Fetish now: https:// youtu.be/STO4-8vkG0U"
TweetsData/selenagomez.csv;2017-08-01 07:19;11716;50387;"Listen to ‘Fetish' out now on @applemusic . http:// smarturl.it/fetishsg/apple music … pic.twitter.com/eV2MXpiDlR"
TweetsData/selenagomez.csv;2017-07-30 05:03;8498;36965;"Get exclusive merch inspired by the ‘Fetish’ video in my official store. http:// smarturl.it/selenagomezmer ch … pic.twitter.com/9IHOPCWS3W"
TweetsData/selenagomez.csv;2017-07-27 00:07;23388;57493;"FETISH VIDEO. OUT NOW. @petracollins @gucci1017 http:// smarturl.it/sgfetishvideo pic.twitter.com/znGGr5g3h1"
TweetsData/selenagomez.csv;2017-07-26 08:29;20553;66278;"FETISH VIDEO. TOMORROW. pic.twitter.com/vwDKVKqc08"
TweetsData/selenagomez.csv;2017-07-25 03:50;17769;58097;"The official video for Fetish… coming Wednesday. @gucci1017 @petracollins pic.twitter.com/wf5LsQLCfg"
TweetsData/selenagomez.csv;2017-07-23 02:41;22312;69554;"Thank you so much for all the birthday wishes! Asked my family and friends to make a donation -if you want to join: http:// bit.ly/donate2lupus"
TweetsData/selenagomez.csv;2017-07-22 05:10;16692;56012;"Fetish video directed by @PetraCollins & ft. @gucci1017 drops next week. pic.twitter.com/vbFd93Ksku"
TweetsData/selenagomez.csv;2017-07-21 02:48;23680;79862;"I'm not surprised, I sympathize. pic.twitter.com/NDXNsroShu"
TweetsData/selenagomez.csv;2017-07-15 06:42;23187;84673;"Don't see a point in blaming you... http:// smarturl.it/FetishSG pic.twitter.com/YYixlYXsR0"
TweetsData/selenagomez.csv;2017-07-15 04:13;61469;165297;"Yes we have -just listening to Sorry Not Sorry! You slay as always. So happy for you!"
TweetsData/selenagomez.csv;2017-07-14 00:01;21435;62584;"FETISH is here @gucci1017 on @applemusic : http:// smarturl.it/fetishsg/iTunes pic.twitter.com/QnZpXvqHIv"
TweetsData/selenagomez.csv;2017-07-13 12:39;45248;119652;"FETISH, ft. @Gucci1017 out now. Watch the first visual on @Spotify : http:// smarturl.it/FetishTTH pic.twitter.com/BtR9KCHE7N"
TweetsData/selenagomez.csv;2017-07-12 03:55;43759;128217;"Fetish. Thursday. pic.twitter.com/ddTsZSI2jJ"
TweetsData/selenagomez.csv;2017-07-11 05:56;11149;36489;"Presave Fetish ft. @gucci1017 to be the first to hear it July 13th. http:// smarturl.it/FetishPreSave"
TweetsData/selenagomez.csv;2017-07-11 02:56;30317;86542;"You got a fetish for my love. pic.twitter.com/x4rDhPJ4md"
TweetsData/selenagomez.csv;2017-07-09 08:02;7596;31034;"Thank you @OnAirRomeo & #MostRequestedLive , here's my #BadLiar @iHeartRadio @AskAnythingChat http://www. askanythingchat.com/?chat=selena-g omez-mrl-ask-anything-chat …"
TweetsData/selenagomez.csv;2017-07-08 04:46;53851;186166;"JULY 13 pic.twitter.com/0fJIwwqC8U"
TweetsData/selenagomez.csv;2017-07-07 02:05;41064;143201;"FETISH pic.twitter.com/wjCyId6ZsK"
TweetsData/selenagomez.csv;2017-07-05 04:47;13807;48389;"Check out my Me & My Girls @Spotify playlist celebrating some of the amazing women topping the charts: http:// smarturl.it/MeAndMyGirlsSp pic.twitter.com/K9f81TuIN0"
TweetsData/selenagomez.csv;2017-06-20 07:34;10917;39061;"When you get asked about Canada… love you guys #WEdayCanada pic.twitter.com/JGOnGn7Hjp"
TweetsData/selenagomez.csv;2017-06-16 07:33;12425;46172;". @Shazam #BadLiar on @Snapchat to unlock exclusive Bad Liar filters! pic.twitter.com/E5DPHm0e3V"
TweetsData/selenagomez.csv;2017-06-16 02:02;7907;27472;"Get exclusive #BadLiar merch available now. http:// smarturl.it/SelenaStore pic.twitter.com/jlxwnVcxSd"
TweetsData/selenagomez.csv;2017-06-15 08:36;25602;84793;"#BadLiar music video is out by the way http:// smarturl.it/BadLiarVideoSG pic.twitter.com/JcVxjNKy1n"
TweetsData/selenagomez.csv;2017-06-13 02:54;19298;56742;"#BadLiar - a film. Coming Wednesday. pic.twitter.com/E6j4BPJLf9"
TweetsData/selenagomez.csv;2017-05-23 09:56;120218;311023;"My thoughts and prayers go out to everyone affected in Manchester."
TweetsData/selenagomez.csv;2017-05-19 08:46;9461;36756;"AH, thank you!! https:// twitter.com/dbtodomundo/st atus/865266207305367553 …"
TweetsData/selenagomez.csv;2017-05-19 04:46;11082;38910;"https:// twitter.com/pitchfork/stat us/865299231564849152 …"
TweetsData/selenagomez.csv;2017-05-19 03:12;15000;42944;"Watch an exclusive playlist video for 'Bad Liar' on @Spotify : http:// smarturl.it/BadLiarSpotify #BadLiarOutNow pic.twitter.com/ZpJo7HQuss"
TweetsData/selenagomez.csv;2017-05-18 12:39;34784;74297;"All my feelings on fire... #BadLiar is out now. http:// smarturl.it/BadLiar pic.twitter.com/c2BboJKVtP"
TweetsData/selenagomez.csv;2017-05-17 10:35;12337;43175;"https:// twitter.com/selgomeznewsco m/status/864653182504280064 …"
TweetsData/selenagomez.csv;2017-05-17 08:37;20031;47286;"#BadLiar 5.18 pic.twitter.com/oohH9odA2E"
TweetsData/selenagomez.csv;2017-05-16 03:17;25388;62418;"#BadLiar 5.18 pic.twitter.com/T0pjPeexwY"
TweetsData/selenagomez.csv;2017-05-14 03:12;14611;38233;"Pre-save #BadLiar on @Spotify to be the first to hear it when it comes out 5.18. http:// smarturl.it/BadLiarPresave pic.twitter.com/dCcezFhQm8"
TweetsData/selenagomez.csv;2017-05-13 03:26;28564;72024;"#BadLiar . 5.18. pic.twitter.com/7jFDhmgUIm"
TweetsData/selenagomez.csv;2017-05-12 02:25;27542;63469;"#SGBadLiar pic.twitter.com/7UNcqpse9i"
TweetsData/selenagomez.csv;2017-05-04 12:04;18489;51637;"Something new is coming. Sign-up to be the first to know… http:// smarturl.it/SGSignup"
TweetsData/selenagomez.csv;2017-03-29 23:03;27480;61366;"2 days til @13ReasonsWhy … Here's a 1st listen to my cover of "Only You” from the soundtrack, inspired by Hannah and Clay's story. Out 3/30! pic.twitter.com/aSrAFhpFoY"
TweetsData/selenagomez.csv;2017-03-16 23:52;26636;82841;"Thrilled to share my first American @voguemagazine cover with you! Read the story and see the full spread: http:// vogue.cm/sdMa5Hp . pic.twitter.com/us3TQ3SzQt"
TweetsData/selenagomez.csv;2017-02-17 02:21;15934;47755;"To celebrate #ItAintMe , @KygoMusic and I took over the Teen Party playlist on @Spotify . Listen to our picks here: http:// smarturl.it/TeenParty.sp pic.twitter.com/VrL18RglDC"
TweetsData/selenagomez.csv;2017-02-16 13:08;37887;82248;"It's finally here! Listen to my new song #ItAintMe with @KygoMusic on @AppleMusic ! http:// apple.co/itaintme"
TweetsData/selenagomez.csv;2017-02-14 02:03;38790;91773;"#ItAintMe . Thursday. @KygoMusic pic.twitter.com/YsB9N8CkcH"
TweetsData/selenagomez.csv;2016-08-14 07:15;40163;132519;"I love you, Christina. https:// m.youtube.com/watch?v=ZuZUzq EY1ds&feature=youtu.be …"
TweetsData/selenagomez.csv;2016-08-10 00:23;34122;133508;"Such a memorable show in Sydney tonight.. I'll never forget this one. Thanks for singing along with me-woke up with a sore throat I LOVE U"
TweetsData/selenagomez.csv;2016-08-03 16:59;23857;83380;"After years of work from so many incredible people -I'm getting so excited/emotional about our show 13 Reasons Why https://www. instagram.com/mrnavarro1/"
TweetsData/selenagomez.csv;2016-07-26 23:56;19329;58982;"Big news! I’m playing this year’s #GCFestival 9/24. Take action to earn your tickets http:// glblctzn.me/29XXlQy pic.twitter.com/YIuiG0Uole"
TweetsData/selenagomez.csv;2016-07-23 10:00;30878;81743;"I asked all my friends and family to make a donation for my birthday. If you want to, would love you for to join http://www. lupusresearch.org/donations/"
TweetsData/selenagomez.csv;2016-07-23 09:34;73883;166611;"Did this on my birthday... coming soon. Thank you for all the love. I love you guys, God bless pic.twitter.com/4Pb5usx2Pk"
TweetsData/selenagomez.csv;2016-07-18 13:05;60652;154042;"This industry is so disappointing yet the most influential smh"
TweetsData/selenagomez.csv;2016-07-18 12:36;76307;158152;"Truth is last thing we need right now is hate, in any form"
TweetsData/selenagomez.csv;2016-07-18 12:31;110591;233268;"There are more important things to talk about... Why can't people use their voice for something that fucking matters?"
TweetsData/selenagomez.csv;2016-07-14 04:10;34272;145087;"Sorry I missed you Madeleine! Was on the phone with my momma! Love you baby girl pic.twitter.com/duBVsG0GSa"
TweetsData/selenagomez.csv;2016-07-12 12:16;64308;152018;"The reason I do what I do https:// twitter.com/girlposts/stat us/752487850994757632 …"
TweetsData/selenagomez.csv;2016-07-07 09:44;26512;81560;"I've got my very own @snapchat #LiveStory from @revivaltour ! Watch it here or in the app: http://www. snapchat.com/live/9830019892 pic.twitter.com/CqSadIKmd1"
TweetsData/selenagomez.csv;2016-07-07 02:43;26023;65997;"Here is 'Hands' a musical tribute to benefit Orlando victims & LGBT orgs. #ForThe49 http:// smarturl.it/HandsTribute pic.twitter.com/AHRLbuBfgY"
TweetsData/selenagomez.csv;2016-07-06 02:25;30099;99673;"Love my #BigSlickKC fam! Get your tshirt at http:// bigslickkc.org pic.twitter.com/FhXcAmlb8A"
TweetsData/selenagomez.csv;2016-06-28 07:56;28614;87140;"Get the limited edition #GomezOrGoHome shirt in the Revival store now!! http:// smarturl.it/GomezOrGoHome pic.twitter.com/XBDWrry79N"
TweetsData/selenagomez.csv;2016-06-25 01:26;38538;97625;"After a few weeks in the studio bus safe to say.. we are VERY close to album #2 #SG2 pic.twitter.com/kWFg7ZdBPp"
TweetsData/selenagomez.csv;2016-06-24 23:03;17451;42401;"Cancel your plans. Today is the day! The Fundamentals of Caring is out on @Netflix . Enjoy the ride- http:// youtu.be/Qg67XjD28UQ"
TweetsData/selenagomez.csv;2016-06-24 00:31;19849;51506;"When women support each other, we accomplish amazing things. Celebrate the women who #LeanIntogether with you: http:// makers.com/leanin"
TweetsData/selenagomez.csv;2016-06-23 03:20;22469;60121;"What's that? My new film The Fundamentals of Caring comes out on @Netflix Friday?!?! pic.twitter.com/avyRGZ1I6M"
TweetsData/selenagomez.csv;2016-06-22 01:01;33491;84075;"So excited to share this!! Had so much fun @JKCorden http://www. youtube.com/watch?v=mNcdlL IOdNw … pic.twitter.com/7EAY8qpMQC"
TweetsData/selenagomez.csv;2016-06-19 10:42;12165;32286;"Just in time for the weekend!! Listen to #KillEmWithKindness on @Spotify ’s Today’s Top Hits playlist. https:// open.spotify.com/user/spotify/p laylist/5FJXhjdILmRA2z5bvz4nzf …"
TweetsData/selenagomez.csv;2016-06-18 01:57;26644;83990;"Happy to finally share my first @LouisVuitton campaign --thank you and love you Nicolas Ghesquiere Bruce Weber pic.twitter.com/i6PqSsTjwr"
TweetsData/selenagomez.csv;2016-06-12 00:57;155743;416878;"My heart is absolutely broken. I miss you Christina pic.twitter.com/KWGwZZlj4t"
TweetsData/selenagomez.csv;2016-06-07 03:38;74447;140868;"This is my revival pic.twitter.com/B1rouH0ufj"
TweetsData/selenagomez.csv;2016-06-07 00:12;38096;71973;"It’s here! Watch the video for #KillEmWithKindness now!! http:// youtu.be/HHP5MKgK0o8 pic.twitter.com/eRaxc9tnGk"
TweetsData/selenagomez.csv;2016-06-06 00:05;30473;68607;"Put down the weapons you fight with- #KillEmWithKindness video TOMORROW at 9am PT! pic.twitter.com/bDfKNe0vek"
TweetsData/selenagomez.csv;2016-06-05 08:10;31600;69011;"#KillEmWithKindness Coming Monday!! pic.twitter.com/qWTPwCruV9"
TweetsData/selenagomez.csv;2016-06-04 06:40;18347;51103;"The new Revival Tour merch is here… http:// smarturl.it/RevivalMerch pic.twitter.com/q3MBwOT0lZ"
TweetsData/selenagomez.csv;2016-06-01 04:08;12282;30402;"Who's up for a road trip? https:// youtu.be/BSXn-lIs4Y0 Check out The Fundamentals of Caring on @Netflix June 24!"
TweetsData/selenagomez.csv;2016-05-25 05:25;29917;84061;"My first cover for @voguebroficial with @louisvuitton pic.twitter.com/KJkBH1RNIK"
TweetsData/selenagomez.csv;2016-05-25 01:35;25360;64679;"I wanna see you #killemwithkindness ! Show me your @musicallyapp vids & I'll share my favs. https://www. musical.ly/v/Mzk1NjE5OTQ0 MzcyNDA1NjY3NDMwNA.html … pic.twitter.com/yRULsmSrCP"
TweetsData/selenagomez.csv;2016-05-24 04:06;15999;48786;"Join the @RevivalTour mobile list for special surprises from me throughout the tour! https://www. selenagomez.com/mobilecommunity pic.twitter.com/iVIO9FezGs"
TweetsData/selenagomez.csv;2016-05-21 01:08;13440;40607;"Check out the @RevivalTour Playlist on @SpotifyUSA ft. @DNCE , @BeaMiller , @Bahari & me! http:// smarturl.it/RevivalTourSpo tify … pic.twitter.com/T9V6IAunhY"
TweetsData/selenagomez.csv;2016-05-20 12:39;10632;32837;"https:// twitter.com/mythoughtsinat w/status/733479153991712768 …"
TweetsData/selenagomez.csv;2016-05-13 09:58;32522;59975;"#killemwithkindness -one day they'll get it lol"
TweetsData/selenagomez.csv;2016-05-13 09:52;16377;35641;"https:// twitter.com/katyperry/stat us/730900759873626112 …"
TweetsData/selenagomez.csv;2016-05-12 04:53;17196;44701;"I love seeing you guys in the #RevivalTour line! Tweet me your pics and I’ll RT some of my favs. pic.twitter.com/22DrQn1iPR"
TweetsData/selenagomez.csv;2016-05-10 04:56;38766;106525;"pic.twitter.com/P9WTLmGiOG"
TweetsData/selenagomez.csv;2016-05-07 08:46;30004;85581;"Can’t believe it’s almost time for #RevivalTour ! Getting ready for my 1st show with @Pantene . #StrongIsBeautiful pic.twitter.com/yFtn2Oi7HV"
TweetsData/selenagomez.csv;2016-05-07 07:21;20848;43235;"I can't believe it's finally here.. see you tonight at the @RevivalTour !!"
TweetsData/selenagomez.csv;2016-05-03 02:53;14459;34222;"Stoked to see you guys wearing the stuff I've worked so hard on! Here's my merch http://www. selenagomez.com"
TweetsData/selenagomez.csv;2016-04-21 08:16;22900;55899;"I'm happy you are coming on the road with me @beamiller !!! I can't wait to see everyone on the #revivaltour !"
TweetsData/selenagomez.csv;2016-04-14 14:13;17289;55266;"Had a moment to myself when I realized @NewGirlonFOX used one of my songs on the show... Emotional"
TweetsData/selenagomez.csv;2016-04-13 02:18;6493;14606;"@SameOldTay @haleyhartley___ but also -I’m excited i'm going to see YOU too!"
TweetsData/selenagomez.csv;2016-04-13 01:46;14972;40074;"Hosting the official party after my concert in Vegas on May 6 at @thelightvegas ! http:// bit.ly/selena0506 pic.twitter.com/3K5P30wxj0"
TweetsData/selenagomez.csv;2016-04-12 06:37;21731;58331;"Excited to be a finalist for 2 awards at the @BBMAs ! thank youuuu pic.twitter.com/dZaFoceBYC"
TweetsData/selenagomez.csv;2016-04-09 07:38;24883;58934;"Sup Miami....- you see me I be work, work, work, work, work, work"
TweetsData/selenagomez.csv;2016-04-04 13:53;46916;142874;"#OG pic.twitter.com/YAd6oUSd3s"
TweetsData/selenagomez.csv;2016-04-04 13:52;31238;80251;"@iHeartRadio pic.twitter.com/S2RhdW0WQz"
TweetsData/selenagomez.csv;2016-04-04 13:51;30564;103420;"Congrats to the man! @CalvinHarris pic.twitter.com/LUnoSExHLY"
TweetsData/selenagomez.csv;2016-04-01 04:40;6276;14411;"@selauren stay tuned!!"
TweetsData/selenagomez.csv;2016-03-26 16:46;12416;32690;"https:// instagram.com/p/BDZrQmmNykF/"
TweetsData/selenagomez.csv;2016-03-25 04:21;5073;12806;"@claire__anne see you there!!"
TweetsData/selenagomez.csv;2016-03-22 08:33;22900;59371;"Tour rehearsals... Can't wait to show you guys. I'll send a couple of videos soon"
TweetsData/selenagomez.csv;2016-03-19 11:05;23580;78585;"Nana is my sunshine pic.twitter.com/cUENYnPuiU"
TweetsData/selenagomez.csv;2016-03-18 06:28;34303;82918;"Yo just know that I'm fully aware having the 'most' of anything isn't what's important. It's how you use your platform. Not how big it is"
TweetsData/selenagomez.csv;2016-03-11 21:12;38554;92422;"Emotional lol pic.twitter.com/Azqx4Azrm6"
TweetsData/selenagomez.csv;2016-03-10 05:42;13514;35840;"Made my night #loveyourfamily https:// twitter.com/ayeshacurry/st atus/707618492032233473 …"
TweetsData/selenagomez.csv;2016-03-09 10:08;35146;81125;"Happy #InternationalWomensDay to all the women out there. Let’s inspire & support each other today & everyday! pic.twitter.com/JXFUrihw8s"
TweetsData/selenagomez.csv;2016-03-09 06:59;50151;108357;"Vibes pic.twitter.com/jS6olju6s2"
TweetsData/selenagomez.csv;2016-03-09 03:31;29735;68043;"That time we got stuck in an elevator in Paris... pic.twitter.com/14s6xRliqh"
TweetsData/selenagomez.csv;2016-03-05 03:33;19785;36790;"I love you guys so much https:// twitter.com/gomezgrandeson g/status/705749165788307456 …"
TweetsData/selenagomez.csv;2016-02-26 02:56;15052;35810;"SO excited! Tom is going to bring this to life in a unbelievable way good luck at the oscars! #SpotlightMovie pic.twitter.com/1vJBDizw3e"
TweetsData/selenagomez.csv;2016-02-25 03:37;20903;44987;"SO excited to have @DNCE supporting me this summer on the #REVIVALtour ! https:// amp.twimg.com/v/8d44b1ce-4fa 2-4d75-875a-36cced0852b6 …"
TweetsData/selenagomez.csv;2016-02-24 02:02;14963;33192;"Following me on snapchat?? Add me on Snapchat! Username: selenagomez https://www. snapchat.com/add/selenagomez"
TweetsData/selenagomez.csv;2016-02-23 12:56;11357;19534;"@Zedd So much fun!!! I can’t believe it’s been a year."
TweetsData/selenagomez.csv;2016-02-22 01:59;13752;39594;"Thank you to @BBCR1 for featuring #HandsToMyself as the #TrackOfTheDay . Turn it up loud, UK Selenators! pic.twitter.com/sU95P99Gfp"
TweetsData/selenagomez.csv;2016-02-20 02:25;11593;27773;"Can I just say you guys look really good today? Tweet your @Pantene hairstyle w/ #StrandsToMyself to enter to win! http:// selenagomez.com/strandstomyself"
TweetsData/selenagomez.csv;2016-02-16 06:41;32405;63606;"I got to be in my best friends first Grammy award winning music video!!!!!!?! #Grammy9 @taylorswift13 https:// twitter.com/taylorswift13/ status/699362095918231552 …"
TweetsData/selenagomez.csv;2016-02-13 02:07;14714;44326;"An early Valentine’s Day gift for you guys… #REVIVAL is a special price on @applemusic US! http:// smarturl.it/SGREVIVAL pic.twitter.com/bmF6ROjSiC"
TweetsData/selenagomez.csv;2016-02-07 12:05;34573;77145;"We won.... https:// twitter.com/spurs/status/6 96182491955208192 …"
TweetsData/selenagomez.csv;2016-02-07 10:27;7089;12712;"@deejayquake play Ri Work #gospursgo"
TweetsData/selenagomez.csv;2016-02-06 01:11;16890;42960;"Thanks for listening to #HandsToMyself on @Spotify ! It means SO much. In case you haven't… http:// bit.ly/HandsToMyselfSp pic.twitter.com/08nDFfsdYY"
TweetsData/selenagomez.csv;2016-01-28 07:53;12656;31882;"I teamed up with @Genius & @Spotify to tell the story behind #Revival ! Go #BehindTheLyrics : http:// bit.ly/Selena_Genius pic.twitter.com/KjBaMUEPjG"
TweetsData/selenagomez.csv;2016-01-28 05:44;12229;26182;"FACTS http:// variety.com/2016/film/news /selena-gomez-sundance-netflix-directing-1201690041/ … pic.twitter.com/c91GkzBFlf"
TweetsData/selenagomez.csv;2016-01-27 12:53;19943;40767;"20M #HandsToMyself views in a week…What?!! Have I mentioned I have the best fans ever? I have the BEST FANS EVER. http:// youtu.be/FMlcn-_jpWY"
TweetsData/selenagomez.csv;2016-01-27 06:22;18137;42448;"You guys know #HandsToMyself is one of my favs on REVIVAL… Find out why in this interview from the set of the video! https:// amp.twimg.com/v/93fbb433-df0 e-4cc9-9ed0-7e2a299e5268 …"
TweetsData/selenagomez.csv;2016-01-24 14:54;22244;63306;"Thank you SO much @nbcsnl for a childhood dream come true #SelenaOnSNL pic.twitter.com/h6fPXfgMup"
TweetsData/selenagomez.csv;2016-01-24 03:54;14860;43629;"I’m so excited for @nbcSNL tonight! @Shazam my performance to enter to win a pair of tix to my #REVIVALTour ! pic.twitter.com/p1J7MsNeCd"
TweetsData/selenagomez.csv;2016-01-23 04:51;9041;20248;"NY! Head to Times Sq. @BeatsByDre billboard 4-6 pm & tweet a pic w/ #SelenaBillboardNYC to enter to win tix to my NY show & a #newbeatspill !"
TweetsData/selenagomez.csv;2016-01-23 02:23;11966;31774;"I'm adding a new #REVIVALTour date in Anaheim w/ @CharliePuth ! Presale starts Mon @10 am PT! http:// bit.ly/1OCxFc7 pic.twitter.com/g17XCUcWJ4"
TweetsData/selenagomez.csv;2016-01-22 02:10;12089;27068;"Check out the exclusive REVIVAL box set, on sale now in my official store! http:// smarturl.it/REVIVALboxset https:// amp.twimg.com/v/91d90bcf-11b 5-42bc-859d-6e1e4477415d …"
TweetsData/selenagomez.csv;2016-01-21 01:03;12097;23698;"You can ALSO go behind the scenes of the making of the Hands To Myself video! http:// vevo.ly/8aDn5R #WatchHandsToMyselfOnVEVO"
TweetsData/selenagomez.csv;2016-01-21 00:01;17156;29394;"The official video for “Hands To Myself” is now on VEVO! Watch it here: http:// vevo.ly/3lvGK8 #WatchHandsToMyselfOnVEVO"
TweetsData/selenagomez.csv;2016-01-20 03:48;15768;30400;"Seth Rogen is hot. #Neighbors2 http:// unvrs.al/N2Trlr"
TweetsData/selenagomez.csv;2016-01-19 12:48;11502;26313;"https:// twitter.com/nbcsnl/status/ 688597979788357633 …"
