TweetsData/justinbieber.csv;2018-05-02 12:50;35308;237132;"Proud of my brother @PostMalone on his new album"
TweetsData/justinbieber.csv;2018-05-01 11:28;13373;57266;"Supporting my buddy Adam http:// exclusive.hmu411.com /"
TweetsData/justinbieber.csv;2018-04-06 14:17;28551;81606;"#Hard2FaceReality @poobear @jayelectronica https:// poobear.lnk.to/H2FR pic.twitter.com/BynBGhqE4n"
TweetsData/justinbieber.csv;2018-04-06 14:04;21431;92602;"Congrats https:// twitter.com/poobear/status /982105658819411968 …"
TweetsData/justinbieber.csv;2018-03-21 00:20;127870;324675;"Grateful for great friends"
TweetsData/justinbieber.csv;2018-03-21 00:19;34682;153573;"Proud of these kids pic.twitter.com/M796VNgWWV"
TweetsData/justinbieber.csv;2018-03-21 00:17;30623;112935;"This is great https:// twitter.com/mileycyrus/sta tus/974510172042289153 …"
TweetsData/justinbieber.csv;2018-03-02 12:04;137077;464593;"#24"
TweetsData/justinbieber.csv;2018-02-19 00:43;40979;170726;"Cameron good talking to you last night. All of your bravery is amazing. I stand with you guys. #march24 #marchforourlives https:// twitter.com/buzzfeednews/s tatus/965240824404566017 …"
TweetsData/justinbieber.csv;2018-02-13 05:32;6311;15782;"@JerrySeinfeld I told you it was me :)"
TweetsData/justinbieber.csv;2018-01-18 01:46;84990;328133;"In paradise"
TweetsData/justinbieber.csv;2018-01-07 17:06;156847;593201;"pic.twitter.com/Dkpnro7RYJ"
TweetsData/justinbieber.csv;2018-01-07 17:06;41644;177143;"They are coming https:// twitter.com/scooterbraun/s tatus/944424870485508096 …"
TweetsData/justinbieber.csv;2017-12-12 23:32;88829;245691;"https:// open.spotify.com/album/790wpCev rVtF2E6wMYHqFc?si=uK2znYrdTpaK_Lfvxvwbog …"
TweetsData/justinbieber.csv;2017-11-27 22:17;64736;248950;":) bts @telekomerleben #magentaverbindet #streamon https://www. facebook.com/JustinBieber/v ideos/10156284762768888/ … pic.twitter.com/AjzLTCWlAI"
TweetsData/justinbieber.csv;2017-11-21 02:51;137505;460496;"Everyone have an amazing week"
TweetsData/justinbieber.csv;2017-11-21 02:51;12621;32861;"@LuisFonsi @daddy_yankee congrats on the wins"
TweetsData/justinbieber.csv;2017-11-21 02:50;12180;31460;"@djkhaled congrats buddy"
TweetsData/justinbieber.csv;2017-11-21 02:50;10910;29474;"@JohnLegere just released a new commercial in Germany. Let’s release it in the US for the holidays. #Friends"
TweetsData/justinbieber.csv;2017-11-14 14:15;5686;17160;"congrats @karla_welch"
TweetsData/justinbieber.csv;2017-10-14 06:55;46636;152388;"STADIUM TOUR MERCH 2.0 http:// purposetourmerch.com pic.twitter.com/M6PEuKdRal"
TweetsData/justinbieber.csv;2017-10-03 01:00;164235;501934;"Praying for all those in pain"
TweetsData/justinbieber.csv;2017-10-03 01:00;75121;281999;"Praying for Puerto Rico"
TweetsData/justinbieber.csv;2017-10-03 00:59;100112;348237;"Praying for Las Vegas"
TweetsData/justinbieber.csv;2017-09-16 07:45;35404;126590;"Everyone watch my boys tonight #DareToLive https:// twitter.com/rorykramer/sta tus/908670419066073089 …"
TweetsData/justinbieber.csv;2017-09-14 00:01;48581;176192;"Amazing. Thanks everyone. Let's keep helping eachother. https:// twitter.com/billboard/stat us/907974662650564612 …"
TweetsData/justinbieber.csv;2017-09-13 07:51;75549;257716;"Call me 1 (800) 258-6000 #HandInHand"
TweetsData/justinbieber.csv;2017-09-12 10:26;43235;144065;"See you tomorrow. #HandInHand let's help. 8pm tomorrow pic.twitter.com/mt06FCxiTm"
TweetsData/justinbieber.csv;2017-09-09 13:37;52051;191323;"Honored to be taking part in a great cause pic.twitter.com/e9s4wG7nSN"
TweetsData/justinbieber.csv;2017-08-30 21:58;94465;351622;"Praying for everyone down in Houston"
TweetsData/justinbieber.csv;2017-08-30 21:57;36245;129474;"Proud of you bro https:// twitter.com/rorykramer/sta tus/902730893713825792 …"
TweetsData/justinbieber.csv;2017-08-24 00:49;55340;171281;"#stadiummerch at @hm september 7th pic.twitter.com/Mnib8sEp7O"
TweetsData/justinbieber.csv;2017-08-19 02:02;46293;115556;"#Friends lyric video http:// smarturl.it/FriendsLyricVi deo …"
TweetsData/justinbieber.csv;2017-08-18 23:31;63867;185816;"#friends pic.twitter.com/RzDxHxDsIB"
TweetsData/justinbieber.csv;2017-08-18 00:17;94762;196921;"#FRIENDS out now. https:// bieberbloodpop.lnk.to/Friends pic.twitter.com/SMxtOSpg0i"
TweetsData/justinbieber.csv;2017-08-18 00:17;63866;146908;"https:// bieberbloodpop.lnk.to/Friends pic.twitter.com/7b6pTCUEQb"
TweetsData/justinbieber.csv;2017-08-18 00:06;78980;147241;"New song #Friends out now @bloodpop https:// BieberBloodPop.lnk.to/Friends pic.twitter.com/CxrvzXUdmZ"
TweetsData/justinbieber.csv;2017-08-17 23:00;60605;173582;"1 HOUR #Friends"
TweetsData/justinbieber.csv;2017-08-14 22:22;100205;263706;"New music. Thursday noon pic.twitter.com/xUOsYoqQce"
TweetsData/justinbieber.csv;2017-08-14 06:15;175352;464072;"Can we still be friends"
TweetsData/justinbieber.csv;2017-08-03 23:20;42034;127258;"#xkarla https:// twitter.com/xkarla/status/ 893113042824699909 …"
TweetsData/justinbieber.csv;2017-07-06 06:59;52075;152686;"https:// purposetourmerch.com /"
TweetsData/justinbieber.csv;2017-07-06 06:56;50940;173449;"Who has the merch from the #StadiumCollection ?"
TweetsData/justinbieber.csv;2017-07-06 06:54;67345;213267;"Thank you to Europe for an incredible #PurposeTourStadiums pic.twitter.com/gRP5ipJV57"
TweetsData/justinbieber.csv;2017-07-02 21:32;59519;220592;"London today #PurposeTourStadiums"
TweetsData/justinbieber.csv;2017-06-30 02:56;45527;152301;"Supporting my brother @djkhaled . Get #FANLUV https:// twitter.com/djkhaled/statu s/878092482373799936 …"
TweetsData/justinbieber.csv;2017-06-23 00:30;57905;195463;"Got something special for the Hyde Park show in london July 2nd. #PurposeTourStadiums"
TweetsData/justinbieber.csv;2017-06-19 15:12;58043;180372;"Thank u https:// twitter.com/much/status/87 6571924456931328 …"
TweetsData/justinbieber.csv;2017-06-11 07:17;65560;192395;"Congrats buddy https:// twitter.com/davidguetta/st atus/873160032673812480 …"
TweetsData/justinbieber.csv;2017-06-09 12:35;66129;150288;"New single #2U http:// smarturl.it/i2U pic.twitter.com/B9fFNG8fZb"
TweetsData/justinbieber.csv;2017-06-09 12:05;61507;138647;"Out now #2U http:// smarturl.it/2U pic.twitter.com/uU9FE6Xmac"
TweetsData/justinbieber.csv;2017-06-09 12:03;59549;134006;"Out now http:// smarturl.it/s2U pic.twitter.com/RKa7jeLjv8"
TweetsData/justinbieber.csv;2017-06-09 11:54;47222;127941;"10 minutes #2U pic.twitter.com/UV9N42v2XF"
TweetsData/justinbieber.csv;2017-06-09 11:28;57945;160990;"30 minutes pic.twitter.com/V5EyyUzIzf"
TweetsData/justinbieber.csv;2017-06-08 05:38;82982;199107;"Friday #2U pic.twitter.com/PWBSM7U6dv"
TweetsData/justinbieber.csv;2017-06-07 23:45;58331;129558;"#2U Friday @davidguetta http:// smarturl.it/2U"
TweetsData/justinbieber.csv;2017-06-06 20:45;107290;267730;"New music. This Friday. Me and @davidguetta #2U"
TweetsData/justinbieber.csv;2017-06-06 07:42;124856;334975;""
TweetsData/justinbieber.csv;2017-06-06 07:42;59977;193962;"I also don't know enough about sports to Really have valid opinion but I do enjoy sports!! And enjoy any high level sports game. Any team"
TweetsData/justinbieber.csv;2017-06-06 07:33;56153;183481;"Leafs above all but other than that u give me ANY JERSEY THAT LOOKS COOL ILL THROW IT ON"
TweetsData/justinbieber.csv;2017-06-06 07:32;59025;202022;"I support all sports I'll put ANY jersey from ANY pro team if I'm whack for wearing jerseys they give me out of love then I'm Whack"
TweetsData/justinbieber.csv;2017-06-06 07:18;44615;117647;"https:// purposetourmerch.com"
TweetsData/justinbieber.csv;2017-06-06 03:44;54308;173279;"Elsa Jasmine Sara Romee Stella Martha"
TweetsData/justinbieber.csv;2017-06-05 01:42;75251;203175;"#OneLoveManchester https:// twitter.com/i/live/8699743 81853790208 …"
TweetsData/justinbieber.csv;2017-06-04 22:10;67507;237951;"See you soon pic.twitter.com/LVOSJszZTr"
TweetsData/justinbieber.csv;2017-06-04 22:07;42471;141865;"Nice https:// twitter.com/mennewsdesk/st atus/870298175566999553 …"
TweetsData/justinbieber.csv;2017-05-31 06:49;88087;311650;"See you Sunday pic.twitter.com/FNG2L3LgRY"
TweetsData/justinbieber.csv;2017-05-23 13:17;243382;560622;"#PrayforManchester"
TweetsData/justinbieber.csv;2017-05-23 01:22;39991;120728;"UK. @BSTHydePark in July http:// po.st/BST17JB pic.twitter.com/gR5sLY4Yrd"
TweetsData/justinbieber.csv;2017-05-16 05:40;48756;152384;"South Africa is incredible #PurposeTourStadiums"
TweetsData/justinbieber.csv;2017-05-16 04:56;57098;160508;"Thank you https:// twitter.com/gthot20/status /864187251911217154 …"
TweetsData/justinbieber.csv;2017-05-09 06:36;48637;147301;"Dubai is incredible... India you are next. @Amit_Bhatia99 u ready? #PurposeTourStadiums"
TweetsData/justinbieber.csv;2017-05-09 06:35;14164;30145;"@djkhaled congrats my friend"
TweetsData/justinbieber.csv;2017-05-06 13:16;43274;123975;"I see u @chancetherapper . Request #imtheone http:// rapperradio.com @djkhaled"
TweetsData/justinbieber.csv;2017-05-05 23:19;47271;151657;"Israel was incredible... Dubai your next #PurposeTourStadiums"
TweetsData/justinbieber.csv;2017-05-02 20:30;48863;149775;"Israel is next #PurposeTourStadiums"
TweetsData/justinbieber.csv;2017-04-30 13:05;64368;170231;"Always give back. Happy #WorldWishDay @MakeAWish"
TweetsData/justinbieber.csv;2017-04-28 23:26;74447;150417;"#ImTheOne https:// youtu.be/weeI1G46q0o"
TweetsData/justinbieber.csv;2017-04-28 22:37;80076;158104;"#ImTheOne https:// open.spotify.com/track/72Q0FQQo 32KJloivv5xge2 …"
TweetsData/justinbieber.csv;2017-04-25 04:25;160413;426902;"Despacito #1 in the world. Thank you"
TweetsData/justinbieber.csv;2017-04-18 01:01;107856;224465;"http:// smarturl.it/BieberDespacit os …"
TweetsData/justinbieber.csv;2017-04-17 22:26;140519;306318;"#DespacitoRemix pic.twitter.com/ROULx0zv9X"
TweetsData/justinbieber.csv;2017-04-17 22:26;81958;188661;"#DespacitoRemix https:// republic.lnk.to/DespacitoBiebe rRemix …"
TweetsData/justinbieber.csv;2017-04-17 12:50;103948;211926;"Despacito (Remix) [feat. Justin Bieber] - Single by Luis Fonsi & Daddy Yankee https:// itun.es/us/gq-ijb"
TweetsData/justinbieber.csv;2017-04-17 11:38;141893;321350;"Remix pic.twitter.com/RZazHB94F8"
TweetsData/justinbieber.csv;2017-03-23 00:45;61582;163774;"S America next #PurposeTourStadiums"
TweetsData/justinbieber.csv;2017-03-23 00:45;52157;185603;"I love New Zealand"
TweetsData/justinbieber.csv;2017-03-09 02:23;67340;207551;"#PurposePopUpAUS pic.twitter.com/qN6ugBqu6c"
TweetsData/justinbieber.csv;2017-03-05 08:12;56709;171294;"#PurposeTourStadiums #Australia"
TweetsData/justinbieber.csv;2017-03-05 08:10;41652;129407;"Congrats https:// twitter.com/spotify/status /837404762895233024 …"
TweetsData/justinbieber.csv;2017-03-02 11:08;181292;496055;"It's my birthday and all I want is to be a better friend, better brother, better son and better man pic.twitter.com/hBau3PWYKo"
TweetsData/justinbieber.csv;2017-02-24 14:10;94715;264210;"pic.twitter.com/pUGWM6HA2X"
TweetsData/justinbieber.csv;2017-02-24 14:10;118571;313130;"Someone got me flowers and I was driving, made a turn, and the water spilled on my dick area...Didn't bother me if it made ya laugh nice!"
TweetsData/justinbieber.csv;2017-02-19 10:13;70874;192371;"Mexico City #PurposeTour"
TweetsData/justinbieber.csv;2017-02-16 03:28;100918;268012;"#PurposeTourStadiums pic.twitter.com/JUfGkFyLh2"
TweetsData/justinbieber.csv;2017-02-16 03:21;66109;174215;"#PurposeTourMonterrey tonight"
TweetsData/justinbieber.csv;2017-02-15 15:05;49002;149654;"India tickets go on sale Feb 22. See u May 10th at DY Patil Stadium pic.twitter.com/lVBHPwhohq"
TweetsData/justinbieber.csv;2017-02-15 02:19;63960;164789;"Happy Valentine's Day #Justmoji https:// appsto.re/us/eikJab.i"
TweetsData/justinbieber.csv;2017-02-03 01:02;71864;159437;"My #SuperBowl commercial w/ @TMobile . Let’s go!! Let me see those #UnlimitedMoves https:// youtu.be/Kg_4tX4XwI8"
TweetsData/justinbieber.csv;2017-01-29 01:38;61746;176597;"I'm playing today in the @NHL celebrity all star game. pic.twitter.com/VJgB17ysJw"
TweetsData/justinbieber.csv;2017-01-29 01:36;43734;121294;"Yep. Today https:// twitter.com/etcanada/statu s/825355795017629697 …"
TweetsData/justinbieber.csv;2017-01-27 01:13;118999;281366;"Working on something special"
TweetsData/justinbieber.csv;2017-01-17 04:00;195896;490393;"My I love you face pic.twitter.com/FjDaOjinwE"
TweetsData/justinbieber.csv;2017-01-16 04:36;108996;202701;"#10yearsofkidrauhl where it all began. Thanks http:// youtube.com/kidrauhl"
TweetsData/justinbieber.csv;2017-01-08 14:28;168082;452031;"Watched never say never on Netflix. Great movie"
TweetsData/justinbieber.csv;2017-01-07 15:38;43096;116613;"Tour access http:// bkstg.com/app"
TweetsData/justinbieber.csv;2017-01-07 04:28;174250;308449;"Life is good"
TweetsData/justinbieber.csv;2017-01-07 04:27;182162;113696;"RT to Send my boy Chris Paul @CP3 to the NBA All-Star Game #NBAVote #retweettovote"
TweetsData/justinbieber.csv;2017-01-06 08:34;63388;162766;"My sister has a YouTube channel. Proud of you Jazzy. https:// youtu.be/xQp_ZQm5Pjs"
TweetsData/justinbieber.csv;2017-01-01 03:36;48951;126279;"Today. https:// twitter.com/fontainebleau/ status/815005980337569792 …"
TweetsData/justinbieber.csv;2016-12-31 14:23;129371;303216;"you just got knocked the fuck out"
TweetsData/justinbieber.csv;2016-12-29 03:53;36929;95744;"Great book #howsyoursoul by my friend @judahsmith https://www. amazon.com/Hows-Your-Soul -Everything-Matters/dp/0718039173 …"
TweetsData/justinbieber.csv;2016-12-27 08:34;63498;143517;"Thank you https:// twitter.com/billboard/stat us/813523538976116738 …"
TweetsData/justinbieber.csv;2016-12-27 04:27;59120;140280;"Miami. See you at @Fontainebleau ​ for #NYE2017 http://www. fontainebleau.com/NYE pic.twitter.com/fyNHjapdkC"
TweetsData/justinbieber.csv;2016-12-25 23:58;75382;167749;"Merry Christmas everyone :) https:// itun.es/us/NUTtC"
TweetsData/justinbieber.csv;2016-12-24 23:55;68147;141097;"https:// open.spotify.com/track/6Zztw1ER HqXAngHE8PfO6N …"
TweetsData/justinbieber.csv;2016-12-24 23:55;48450;121268;"New holiday #Justmojis http:// onelink.to/justmoji pic.twitter.com/vWjSo0Jf1P"
TweetsData/justinbieber.csv;2016-12-21 09:03;53771;115945;"This is one of the funniest videos I have ever seen. Haha https:// youtu.be/E7MTtt0v_w0"
TweetsData/justinbieber.csv;2016-12-18 03:58;60488;146662;"More 2017 #PurposeTour stadiums on sale now http:// justinbiebermusic.com pic.twitter.com/djweYMuizS"
TweetsData/justinbieber.csv;2016-12-16 23:40;34041;80923;"Dublin @TheRDS on sale too #PurposeTour http:// bit.ly/2gsJapQ"
TweetsData/justinbieber.csv;2016-12-16 23:38;36292;87175;"UK. Bringing #PurposeTour next summer to Cardiff and London http:// po.st/JB2017 pic.twitter.com/FnqmtoZ5hK"
TweetsData/justinbieber.csv;2016-12-13 11:28;62140;138980;"Thank you pic.twitter.com/b1VJ3Tldy0"
TweetsData/justinbieber.csv;2016-12-10 03:14;61254;124815;"That time of the year. Mistletoe is currently the most streamed UMG song on Spotify. Thanks https:// open.spotify.com/album/63MKT9hw miMFFdFp5SdB1p …"
TweetsData/justinbieber.csv;2016-12-10 02:06;45103;106718;"North America 2017 #PurposeTour stadiums on sale now. See u soon http://www. justinbiebermusic.com/#shows pic.twitter.com/yIM2KdtQJz"
TweetsData/justinbieber.csv;2016-12-09 02:51;34710;78376;"Good times boys https:// twitter.com/rorykramer/sta tus/806771907181690880 …"
TweetsData/justinbieber.csv;2016-12-09 02:47;27795;62910;"2nd show added in Toronto. Pre-sale code 'LOVEYOU' for #PurposeTour stadiums. On sale tomorrow http:// justinbiebermusic.com/#tour"
TweetsData/justinbieber.csv;2016-12-09 02:47;35248;84765;"Love seeing my little guy raising money for the kids. Congrats Cruz. Nice one https:// twitter.com/cruzbeckham/st atus/806403201922695168 …"
TweetsData/justinbieber.csv;2016-12-09 02:38;32116;75368;"Congrats buddy. Let's keep changing lives :) https:// twitter.com/MakeAWishLA/st atus/806715727151366144 …"
TweetsData/justinbieber.csv;2016-12-07 15:34;77627;162704;"Thank you"
TweetsData/justinbieber.csv;2016-12-07 02:01;37164;84023;"#AmexPresale for #PurposeTour stadiums up now thru 12/8 for @AmericanExpress Card Members https:// cards.twitter.com/cards/pfh7r/2q 0tw …"
TweetsData/justinbieber.csv;2016-12-06 01:53;43801;91704;"#PurposeTour stadiums. Let's go!! Tix on sale Friday http:// justinbiebermusic.com/#shows pic.twitter.com/FPKXf8J2ae"
TweetsData/justinbieber.csv;2016-12-05 08:45;49370;110367;"Make sure to watch for major tour announcement :) https:// twitter.com/justinbieber/s tatus/805547386877526016 …"
TweetsData/justinbieber.csv;2016-12-05 07:00;58074;133158;"Tomorrow @TheEllenShow :) pic.twitter.com/Wc38RHSq2Z"
TweetsData/justinbieber.csv;2016-12-05 01:01;40766;89576;"Download @bestfiends FOREVER for free and help to #endAIDS with @RED and @AppStoreGames http:// download.bestfiends.com/forever #GamesForRED #BestFiends pic.twitter.com/0NYgvsmsib"
TweetsData/justinbieber.csv;2016-12-04 02:34;40613;87929;"Get @bestfiends for free from http:// download.bestfiends.com and help to #endAIDS with @RED and @AppStoreGames #GamesForRED #BestFiends pic.twitter.com/8rt0urku4k"
TweetsData/justinbieber.csv;2016-12-03 11:34;46116;119905;"LA tonight"
TweetsData/justinbieber.csv;2016-12-03 01:37;41430;96804;"See u tonight @iHeartRadio #KIISJingleBall"
TweetsData/justinbieber.csv;2016-12-02 09:43;53460;107569;"Sorry I missed #LOS40MusicAwards . Thanks @Los40_Spain and my beliebers for best international album :) #Purpose"
TweetsData/justinbieber.csv;2016-12-02 02:48;49615;103909;"#PurposeTour merch now at @HM http:// bit.ly/2gbfQ7U #PurposeTourxHM pic.twitter.com/S0zwP7952V"
TweetsData/justinbieber.csv;2016-11-30 11:29;67948;156916;"Thank you Europe"
TweetsData/justinbieber.csv;2016-11-29 19:12;54759;128430;"Final Europe show in London tonight. It's been incredible. Thank you . #PurposeTour"
TweetsData/justinbieber.csv;2016-11-29 19:10;35209;84046;"Good meeting you. Great guy right here https:// twitter.com/usainbolt/stat us/803417565003268096 …"
TweetsData/justinbieber.csv;2016-11-29 04:13;68205;182335;"Thanks dad not bad genes #biebergenes pic.twitter.com/m6ariqtwIW"
TweetsData/justinbieber.csv;2016-11-28 23:31;48452;119964;"London #PurposeTour"
TweetsData/justinbieber.csv;2016-11-25 08:38;44152;96550;"New #PurposeTourMerch for the holidays https:// purposetourmerch.com / pic.twitter.com/1Wg318EanM"
TweetsData/justinbieber.csv;2016-11-22 16:00;44756;99557;"Young Cruz! Great job buddy #hometomama https:// twitter.com/victoriabeckha m/status/800667918468050950 …"
TweetsData/justinbieber.csv;2016-11-22 15:57;54151;113112;"Great day https:// twitter.com/neymarjr/statu s/800706290410397700 …"
TweetsData/justinbieber.csv;2016-11-22 15:57;50010;114113;"The man https:// twitter.com/belieberbabes/ status/800408411657539584 …"
TweetsData/justinbieber.csv;2016-11-22 15:56;44147;96350;"Thank you https:// twitter.com/amas/status/80 0559363689566208 …"
TweetsData/justinbieber.csv;2016-11-19 04:29;46192;89816;"Please help #BRINGCHARLIEHOME https:// twitter.com/CTVToronto/sta tus/798596178090803200 … https:// twitter.com/nilradmua/stat us/799038042874986496 …"
TweetsData/justinbieber.csv;2016-11-18 12:50;81460;156398;":) https:// twitter.com/whoabiebz/stat us/799038040027103233 …"
TweetsData/justinbieber.csv;2016-11-18 02:40;124007;232301;"#7YearsofMyWorld pic.twitter.com/cSYIiTfGj0"
TweetsData/justinbieber.csv;2016-11-16 08:40;52820;110711;"Thank you https:// twitter.com/sb_projects/st atus/798591757197791232 …"
TweetsData/justinbieber.csv;2016-11-15 08:03;45933;114920;"Thank you for tonight Germany. #PurposeTour"
TweetsData/justinbieber.csv;2016-11-14 01:06;64692;138880;"#PurposeSingles pic.twitter.com/MdXfZgYG9r"
TweetsData/justinbieber.csv;2016-11-14 01:03;53523;113309;"#PurposeSingles stickers. Thank u @Twitter pic.twitter.com/1VDgGYrZVD"
TweetsData/justinbieber.csv;2016-11-14 01:02;55422;99124;"1 year of #Purpose ... thank u. Limited edition #PurposeSingles box up for pre-order http:// smarturl.it/purposeboxset pic.twitter.com/yLvEVHXqAK"
TweetsData/justinbieber.csv;2016-11-12 22:54;129039;204551;"Be kind to each other"
TweetsData/justinbieber.csv;2016-11-12 22:54;43799;107746;"#PurposeTour Prague tonight"
TweetsData/justinbieber.csv;2016-11-12 22:52;37866;85309;"Congrats on the award bro. Making a change https:// twitter.com/scooterbraun/s tatus/796875919147155456 …"
TweetsData/justinbieber.csv;2016-11-07 10:16;84800;148927;"Thank u for always being there https:// twitter.com/mtvema/status/ 795348239566389248 …"
TweetsData/justinbieber.csv;2016-11-05 01:29;94936;184419;"Everyone have a great weekend"
TweetsData/justinbieber.csv;2016-11-05 01:28;33906;75214;"Song with u and @VicMensa is . Congrats @yomoxie https:// twitter.com/yomoxie/status /794394784869781504 …"
TweetsData/justinbieber.csv;2016-11-03 00:26;43950;88451;"Not about the awards but thank u https:// twitter.com/scooterbraun/s tatus/793851647675949057 …"
TweetsData/justinbieber.csv;2016-10-31 07:54;137110;236954;"pic.twitter.com/qjTX05wlKG"
TweetsData/justinbieber.csv;2016-10-28 03:24;36361;80689;"These guys are on tour with me killing it. Happy for them https:// twitter.com/theknocks/stat us/789315274814189568 …"
TweetsData/justinbieber.csv;2016-10-26 06:08;54132;109819;"Thanks #AMAs . Vote http:// AMAvote.com pic.twitter.com/yUrQQAL7jU"
TweetsData/justinbieber.csv;2016-10-26 05:16;78472;139007;"Latin America we’re coming. #PurposeTour register for pre-sale http:// justinbieber.bkstg.com pic.twitter.com/PaomoZ9WKI"
TweetsData/justinbieber.csv;2016-10-21 01:53;45450;103624;"Another one. #PurposeTourManchester"
TweetsData/justinbieber.csv;2016-10-21 01:52;35890;81284;"Congrats Martin. My guy. Great people and super talented. https:// twitter.com/djmag/status/7 88851677856161792 …"
TweetsData/justinbieber.csv;2016-10-21 01:49;25213;51569;"I am"
TweetsData/justinbieber.csv;2016-10-21 01:49;50460;100583;"One of the best ever. #PurposeTour"
TweetsData/justinbieber.csv;2016-10-21 01:48;31855;77192;"I want to see the new @KevinHart4real movie #WhatNow - congrats Kev. Everyone let me know how it is"
TweetsData/justinbieber.csv;2016-10-18 03:13;42935;96948;"See u at #iHeartJingleBall http:// iheartradio.com/jingleball pic.twitter.com/n4ajWnzYg6"
TweetsData/justinbieber.csv;2016-10-16 00:08;43684;99162;"New collection of #PurposeTour merch available now at @pacsun http://www. pacsun.com/justin-bieber/ pic.twitter.com/fsKAvWWsTJ"
TweetsData/justinbieber.csv;2016-10-15 10:10;44209;115168;"Great night. See you again tomorrow London"
TweetsData/justinbieber.csv;2016-10-14 17:58;50973;125254;"Happy birthday @Usher !!!"
TweetsData/justinbieber.csv;2016-10-13 06:06;39054;82826;"All new #PurposeTour swag http://www. purposetourmerch.com pic.twitter.com/q60ACJ03d2"
TweetsData/justinbieber.csv;2016-10-13 06:05;62648;128528;"#PurposeTour in #mycalvins pic.twitter.com/FahXxb3JsL"
TweetsData/justinbieber.csv;2016-10-13 06:04;43077;81927;"#ARIASJUSTINBIEBER pic.twitter.com/YUoOPoPe6T"
TweetsData/justinbieber.csv;2016-10-12 20:05;38021;97777;"Today pic.twitter.com/0NrAeS9P3C"
TweetsData/justinbieber.csv;2016-10-12 13:01;30935;74820;"OZ/NZ #PurposeTour shows on sale now http://www. frontiertouring.com/justinbieber pic.twitter.com/W70SkEzDnq"
TweetsData/justinbieber.csv;2016-10-12 00:17;39189;94702;"On my way to the O2 #PurposeTour"
TweetsData/justinbieber.csv;2016-10-12 00:16;28605;66777;"UK. #PurposeTour merch is now at @Selfridges http:// slfrd.gs/purposetour pic.twitter.com/56v7e8sRvO"
TweetsData/justinbieber.csv;2016-10-10 21:49;43278;98998;"London in next #PurposeTour"
TweetsData/justinbieber.csv;2016-10-10 21:47;19566;35323;"no I haven't"
TweetsData/justinbieber.csv;2016-10-07 14:04;25277;46961;"gracias"
TweetsData/justinbieber.csv;2016-10-06 09:02;30347;71354;"#PurposeTour OZ/NZ @Bkstg pre-sale is now live http://www. justinbiebervip.com pic.twitter.com/TBXt17ZowX"
TweetsData/justinbieber.csv;2016-10-06 07:50;28983;67061;"Proud of my buddies https:// twitter.com/techcrunch/sta tus/783668279034339328 …"
TweetsData/justinbieber.csv;2016-10-06 07:29;28950;65823;"Great show https:// twitter.com/devansmith2/st atus/783779090998423552 …"
TweetsData/justinbieber.csv;2016-10-05 19:25;61966;116774;"Listen to Illuminate (Deluxe) by Shawn Mendes on @AppleMusic . https:// itun.es/us/_BbCdb"
TweetsData/justinbieber.csv;2016-10-05 19:22;156607;309169;"Shawn Mendes voice makes me smile. Truly a gift to be able to move peoples emotions through songs!So proud of you brother!Great album!"
TweetsData/justinbieber.csv;2016-10-05 19:21;67525;127813;"Go get #illuminate @ShawnMendes"
TweetsData/justinbieber.csv;2016-10-03 22:01;37287;85459;"Australia and New Zealand. Bringing #PurposeWorldTour and my bro @MartinGarrix in March http://www. frontiertouring.com/justinbieber pic.twitter.com/AKgkj5ervE"
TweetsData/justinbieber.csv;2016-10-03 04:46;35953;79200;"This is important. A friend showed me this. I'm going to be talking more about this. We all need to pay attention https://www. facebook.com/attn/videos/11 49798391722285/ …"
TweetsData/justinbieber.csv;2016-10-03 04:44;31068;74286;"Thanks https:// twitter.com/theycallmejess x/status/781830083371827204 …"
TweetsData/justinbieber.csv;2016-10-03 04:44;39774;92110;"Thank you #PurposeTour"
TweetsData/justinbieber.csv;2016-10-03 00:48;39018;92738;"Tomorrow #whereareunowOZNZ pic.twitter.com/wXCUiFQ4Rc"
TweetsData/justinbieber.csv;2016-09-30 22:43;38970;93106;"Right now at storm. #PurposeTour Copenhagen pop up pic.twitter.com/a64IKtAYO3"
TweetsData/justinbieber.csv;2016-09-30 14:02;47814;117328;"Do you have this? pic.twitter.com/aILDyJMaQ9"
TweetsData/justinbieber.csv;2016-09-30 14:01;22389;45254;"@MartinGarrix don't sleep"
TweetsData/justinbieber.csv;2016-09-30 13:58;31981;75258;"Oz and New Zealand dates next week #PurposeTour"
TweetsData/justinbieber.csv;2016-09-30 13:57;32859;78869;"Who has #PurposeTour merch??"
TweetsData/justinbieber.csv;2016-09-30 13:55;32581;72465;"Sweden #PurposeTour"
TweetsData/justinbieber.csv;2016-09-29 23:37;29982;70920;"My dad is using http://www. kidswifi.com to protect my brother and sister on the internet. Check it out and protect your family :)"
TweetsData/justinbieber.csv;2016-09-29 09:49;63456;135646;"I love Europe"
TweetsData/justinbieber.csv;2016-09-28 04:04;65104;125971;"My favorite video on the internet http:// youtu.be/kN5cqf63kb8?a"
TweetsData/justinbieber.csv;2016-09-28 04:02;17594;38704;"@VicMensa thanks"
TweetsData/justinbieber.csv;2016-09-28 04:02;35766;76383;"I'm Canadian and I stay out of this stuff but I live in the us and this is important. Register. https:// twitter.com/scooterbraun/s tatus/780857966517903360 …"
TweetsData/justinbieber.csv;2016-09-28 04:00;48667;90858;"I love Beyoncé https:// twitter.com/thefader/statu s/780749240305876992 …"
TweetsData/justinbieber.csv;2016-09-28 04:00;19851;38265;"but me first . Naw Marty first"
TweetsData/justinbieber.csv;2016-09-28 03:56;27323;58862;"Vic just opened for me on tour. Great guy. This is a cool doc https:// twitter.com/vicmensa/statu s/780789944201646080 …"
TweetsData/justinbieber.csv;2016-09-27 05:12;35293;84508;"#PurposeCopenhagenPopup pic.twitter.com/meONhcgrVm"
TweetsData/justinbieber.csv;2016-09-24 01:21;37059;78789;"#PurposeTourChildren Europe. Let me see what u got https:// youtu.be/ses4msfEMV8"
TweetsData/justinbieber.csv;2016-09-20 00:07;44894;96416;"PARIS pic.twitter.com/XZ45gSiLEy"
TweetsData/justinbieber.csv;2016-09-19 22:45;38325;91483;"#PurposeParisPopup pic.twitter.com/65lA3wtChm"
TweetsData/justinbieber.csv;2016-09-19 12:47;39015;94420;"Congrats to the team pic.twitter.com/tIyzcugFAY"
TweetsData/justinbieber.csv;2016-09-19 12:47;38743;91696;"Germany shows have been incredible. Thank you. #PurposeTour"
TweetsData/justinbieber.csv;2016-09-17 12:34;20810;43416;""
TweetsData/justinbieber.csv;2016-09-17 12:31;25325;60918;". @thatrygood is all about a little usher on Friday nights. Watching https:// twitter.com/usher/status/7 76999917373886464 …"
TweetsData/justinbieber.csv;2016-09-17 04:59;29190;70383;"Get big bro @usher 's album. Tell me is pic.twitter.com/pKH83naVxc"
TweetsData/justinbieber.csv;2016-09-17 04:58;24471;53729;"Been waiting for this one. Congrats on #HardIILove @Usher ! iTunes: http:// smarturl.it/iHardIILove?iq ID=ct … Spotify: http:// smarturl.it/sHardIILove?iq ID=ct …"
TweetsData/justinbieber.csv;2016-09-17 04:57;23047;50660;"Go out and get @Usher 's #HardIILove album. Out now! http:// smarturl.it/iHardIILove iTunes: http:// smarturl.it/iHardIILove?iq ID=ct …"
TweetsData/justinbieber.csv;2016-09-17 04:56;48808;109910;"Thank you Germany pic.twitter.com/5pVsOpE0VI"
TweetsData/justinbieber.csv;2016-09-17 04:56;38335;85158;"Thank you Germany. Amazing show. What will use our voices for when the time comes? Proud of tonight. Amazing. #PurposeTour"
TweetsData/justinbieber.csv;2016-09-17 04:54;26712;57602;"Posty https:// twitter.com/officialcharts /status/776872038434611200 …"
TweetsData/justinbieber.csv;2016-09-16 13:41;28054;62172;"This guy has always been there for me in my hard times. Help me support him and get this album! http:// smarturl.it/iHardIILove @Usher we got you"
TweetsData/justinbieber.csv;2016-09-16 13:40;19406;37497;"got you bro"
TweetsData/justinbieber.csv;2016-09-16 13:37;46020;94204;"#PurposeTour in Europe is real. Thank you"
TweetsData/justinbieber.csv;2016-09-16 05:11;32354;61562;"#ColdWater dance video @MAJORLAZER @MOMOMOYOUTH https:// youtu.be/fMvIARf_SUU"
TweetsData/justinbieber.csv;2016-09-16 05:07;26159;56051;"#Justmoji is available on the @AppStore for iMessage #iMessageApps https:// itunes.apple.com/us/app/justmoj i/id1082958340?ls=1?app=messages …"
TweetsData/justinbieber.csv;2016-09-16 05:06;32659;70538;"Miami. New Years Eve 2017 http://www. fontainebleau.com/nye pic.twitter.com/g6BeOQZcTx"
TweetsData/justinbieber.csv;2016-09-13 08:04;40372;84285;"https:// open.spotify.com/album/33Td2oa2 lLAeblqViPpEVL …"
TweetsData/justinbieber.csv;2016-09-10 22:03;56649;113633;"This kid https:// twitter.com/belieberbabes/ status/772279286069723137 …"
TweetsData/justinbieber.csv;2016-09-10 22:01;42885;105685;"Iceland I love you. Thank you"
TweetsData/justinbieber.csv;2016-09-09 23:36;38676;74224;"Me and @postmalone . Deja Vu http:// republicrec.co/PostBieberDeja Vu … pic.twitter.com/6lbtcqfD0x"
TweetsData/justinbieber.csv;2016-09-09 23:35;31535;65721;"Wish I could've been there @majorlazer http:// smarturl.it/ColdWaterLive"
TweetsData/justinbieber.csv;2016-09-09 23:34;33716;71620;"#coldwater remixes http:// smarturl.it/ColdWaterRemix es … pic.twitter.com/8d9QReHZNC"
TweetsData/justinbieber.csv;2016-09-09 23:34;29642;61364;"#coldwater on sale this week only http:// smarturl.it/ColdWaterDownl oad …"
TweetsData/justinbieber.csv;2016-09-03 06:26;45943;99473;"#Justmojis brought to life http:// apple.co/1TSOlBQ pic.twitter.com/AR0Tbrngay"
TweetsData/justinbieber.csv;2016-09-02 17:59;47967;112734;"6 days until #PurposeTour is back. First stop Iceland"
TweetsData/justinbieber.csv;2016-09-02 17:59;47358;108293;"Big brother life"
TweetsData/justinbieber.csv;2016-09-02 15:16;33717;87349;"Damn big bro @Usher killin it on @BBCR1 right now. #livelounge . Always support eachother :)"
TweetsData/justinbieber.csv;2016-09-01 17:24;73898;140916;"Just want to make people smile. And teach them the perfect squat"
TweetsData/justinbieber.csv;2016-09-01 17:24;33480;75558;"Lol https:// twitter.com/jbcrewdotcom/s tatus/771273427625926656 …"
TweetsData/justinbieber.csv;2016-09-01 17:22;31471;76810;"Thanks :) https:// twitter.com/bbcr1/status/7 71251635997712384 …"
TweetsData/justinbieber.csv;2016-09-01 17:22;56156;143824;"I don't usually get nervous but tonight I was thrown off and I was. Sorry about that. Really wanted to be my best. Hope u all had fun"
TweetsData/justinbieber.csv;2016-08-30 00:25;75006;178127;"Still no Instagram it was an accident"
TweetsData/justinbieber.csv;2016-08-23 03:04;44753;110157;"Big bro got a film this Friday. Congrats @Usher . #HandsOfStone pic.twitter.com/GExObBhT2a"
TweetsData/justinbieber.csv;2016-08-23 03:02;70277;137444;"Should I or shouldn't I?"
TweetsData/justinbieber.csv;2016-08-23 03:01;47477;120809;"Loving london"
TweetsData/justinbieber.csv;2016-08-21 23:10;23112;50237;"night 2"
TweetsData/justinbieber.csv;2016-08-21 23:09;34045;81983;"Hitting that London spot but need that Japan https:// twitter.com/kanyewest/stat us/766078637095415808 …"
TweetsData/justinbieber.csv;2016-08-21 08:14;95773;166143;"Like I said. Love wins"
TweetsData/justinbieber.csv;2016-08-21 08:14;59844;147491;"Thank you v fest. Night one was real. pic.twitter.com/DwhbWWqBC7"
TweetsData/justinbieber.csv;2016-08-21 08:13;29205;69223;"Sick!!!! Big bro for the win https:// twitter.com/complexmusic/s tatus/766789271663640577 …"
TweetsData/justinbieber.csv;2016-08-17 10:40;51462;127997;"See you this weekend @vfestival"
TweetsData/justinbieber.csv;2016-08-17 10:39;37032;91581;"Thank you https:// twitter.com/sb_projects/st atus/765673297648332800 …"
TweetsData/justinbieber.csv;2016-08-13 22:00;79200;222564;"I love Tokyo"
TweetsData/justinbieber.csv;2016-08-13 22:00;53579;118969;". @pattiemallette listen to my mom. I only have Twitter Facebook and Instagram right now. If I reopen my snapchat I will tell u."
TweetsData/justinbieber.csv;2016-08-11 00:01;100343;246272;"pic.twitter.com/B6g4eFTpRH"
TweetsData/justinbieber.csv;2016-08-09 07:05;64305;126808;"#LetMeLoveYou @djsnake http:// smarturl.it/LetMeLoveYou.sp pic.twitter.com/Inac04la9f"
TweetsData/justinbieber.csv;2016-08-09 01:48;44961;92089;"Check out this cover of #LetMeLoveYou by my friend @MaiaMitchell https://www. youtube.com/watch?v=Jh17uh EZ2oA …"
TweetsData/justinbieber.csv;2016-08-09 00:50;56189;108680;"Get #ColdWater and #LetMeLoveYou now"
TweetsData/justinbieber.csv;2016-08-09 00:50;24672;46481;"#1 and #2. Thanks"
TweetsData/justinbieber.csv;2016-08-09 00:46;31017;64130;"Dope. Big bro @Usher #NoLimit http:// smarturl.it/vNoLimitVideo #newvideo"
TweetsData/justinbieber.csv;2016-08-08 09:01;42890;95673;"#PurposeTokyoPopup pic.twitter.com/oaYYd5JDLu"
TweetsData/justinbieber.csv;2016-08-06 04:25;22897;50286;"@elvisduran happy bday"
TweetsData/justinbieber.csv;2016-08-05 16:19;91845;163228;"#coldwater now #LetMeLoveYou ... You're welcome"
TweetsData/justinbieber.csv;2016-08-01 16:39;89151;175134;"#TeenChoice thank you. Thanks to everyone involved. Beliebers I love you."
TweetsData/justinbieber.csv;2016-08-01 08:56;66880;144586;"Thanks to everyone who supported me at #TeenChoice tonight. Love to everyone involved"
TweetsData/justinbieber.csv;2016-07-30 06:41;44226;98369;"#PurposeTourMerch @UrbanOutfitters now pic.twitter.com/OdMeYF6Jhl"
TweetsData/justinbieber.csv;2016-07-30 06:34;60777;139675;"#ColdWater pic.twitter.com/poT186yzoD"
TweetsData/justinbieber.csv;2016-07-30 03:17;53535;97257;"#ColdWater https:// youtu.be/Vm9l2Ayyx8Y pic.twitter.com/vD0feGcQhO"
TweetsData/justinbieber.csv;2016-07-29 01:10;42264;78902;"#StreamColdWater on @Spotify to unlock a video http:// streamcoldwater.com /"
TweetsData/justinbieber.csv;2016-07-27 02:11;50167;95827;"#ColdWater #1 on @Spotify . Thank you http:// smarturl.it/ColdWaterSpoti fy … pic.twitter.com/4EPT28g6MX"
TweetsData/justinbieber.csv;2016-07-26 00:50;60555;111352;"#ColdWater #ColdWater #ColdWater #ColdWater #ColdWater #ColdWater pic.twitter.com/QjkQzuGPpQ"
TweetsData/justinbieber.csv;2016-07-26 00:49;36992;68892;"Thank you. #ColdWater https:// twitter.com/bigtop40/statu s/757271418392444928 …"
TweetsData/justinbieber.csv;2016-07-24 02:37;51618;83029;"#COLDWATER https:// youtu.be/a59gmGkq_pw ."
TweetsData/justinbieber.csv;2016-07-23 03:43;65851;106800;"#ColdWater pic.twitter.com/5Y4XQy7qO1"
TweetsData/justinbieber.csv;2016-07-23 03:42;44141;72958;"Thanks for making #ColdWater #1 in the world. Let's keep it there :) @MAJORLAZER @MOMOMOYOUTH @ItsBennyBlanco @scooterbraun @edsheeran"
TweetsData/justinbieber.csv;2016-07-23 03:40;33000;64086;"Gucci! #ColdWater pic.twitter.com/9INWhGKcRW"
TweetsData/justinbieber.csv;2016-07-23 03:39;50792;96214;"Dope fan art. #ColdWater pic.twitter.com/TYMgvltRlf"
TweetsData/justinbieber.csv;2016-07-22 12:53;50526;75181;"#ColdWater on @Spotify http:// smarturl.it/ColdWaterSpoti fy …"
TweetsData/justinbieber.csv;2016-07-22 12:37;43388;66915;"Get #ColdWater on @AppleMusic http:// smarturl.it/ColdWaterDownl oad …"
TweetsData/justinbieber.csv;2016-07-22 11:00;55782;99080;"#ColdWater1HOUR pic.twitter.com/XPkKWJ1iSr"
TweetsData/justinbieber.csv;2016-07-22 10:00;58501;104768;"#ColdWater2HOURS pic.twitter.com/1k4sdp1qpp"
TweetsData/justinbieber.csv;2016-07-22 09:01;53136;94554;"#ColdWater3HOURS pic.twitter.com/GT5a1ZEIT0"
TweetsData/justinbieber.csv;2016-07-22 08:03;56986;105726;"#ColdWater4HOURS pic.twitter.com/gWoaCPsBPY"
TweetsData/justinbieber.csv;2016-07-22 07:23;65644;106332;"Almost time #ColdWater pic.twitter.com/DNrmxUbE51"
TweetsData/justinbieber.csv;2016-07-21 22:57;70165;119251;"New single tonight. #coldwater pic.twitter.com/ElHFNO0Vw1"
TweetsData/justinbieber.csv;2016-07-21 11:08;47151;81525;"#ColdWater2Days"
TweetsData/justinbieber.csv;2016-07-21 03:00;88857;150977;"If you feel you're sinking, I will jump right over, into cold, cold water for you pic.twitter.com/q0LIdDX34S"
TweetsData/justinbieber.csv;2016-07-21 02:09;45533;82089;"#ColdWater2Days pic.twitter.com/8m1bIqldSZ"
TweetsData/justinbieber.csv;2016-07-20 04:27;50201;105308;"Last show of the first leg of #PurposeTour tonight. 48 hrs left to get the stage collection https:// purposetourmerch.com / pic.twitter.com/XeukBZZQya"
TweetsData/justinbieber.csv;2016-07-20 01:47;46051;84714;"#ColdWater3Days pic.twitter.com/FgI0tpJ3gs"
TweetsData/justinbieber.csv;2016-07-19 03:17;90499;157187;"7 years later and ready again. Thank you https:// twitter.com/justinbieber/s tatus/6577527015 …"
TweetsData/justinbieber.csv;2016-07-19 01:29;45712;84742;"#ColdWater4Days pic.twitter.com/6SEM8jtFB4"
TweetsData/justinbieber.csv;2016-07-18 12:51;52120;106919;"Msg tomorrow"
TweetsData/justinbieber.csv;2016-07-18 04:02;46551;86209;"#ColdWater5Days pic.twitter.com/6fIr6begSe"
TweetsData/justinbieber.csv;2016-07-17 02:57;47319;89469;"#ColdWater6Days pic.twitter.com/zECm2xcmQH"
TweetsData/justinbieber.csv;2016-07-16 07:13;46917;88195;"#ColdWater7Days @MAJORLAZER pic.twitter.com/sYMjoCQ8vl"
TweetsData/justinbieber.csv;2016-07-15 10:52;38125;73204;"These are the moments I live for!!! https:// instagram.com/p/BH3P9yXB2G6/"
TweetsData/justinbieber.csv;2016-07-15 08:31;32659;65361;"http:// smarturl.it/JBPurpose"
TweetsData/justinbieber.csv;2016-07-15 08:31;40593;89106;"Nyc pic.twitter.com/QgnO1CJfGl"
TweetsData/justinbieber.csv;2016-07-14 06:40;37975;80250;"#PurposeMerch coming to @barneysny soon pic.twitter.com/uPHHmwV20d"
TweetsData/justinbieber.csv;2016-07-13 22:43;62847;113594;"#coldwater new single with @MAJORLAZER next Friday pic.twitter.com/zcSowOsqGf"
TweetsData/justinbieber.csv;2016-07-13 22:41;60600;108637;"I love this #PurposeTour . Thanks to everyone who has been a part of it so far"
TweetsData/justinbieber.csv;2016-07-13 22:37;32771;66281;"??? http:// smarturl.it/JBPurpose"
TweetsData/justinbieber.csv;2016-07-11 13:09;49525;111036;"Great show. Thank you"
TweetsData/justinbieber.csv;2016-07-11 05:09;52498;118582;"The championship :) pic.twitter.com/9IQ78JaBZy"
TweetsData/justinbieber.csv;2016-07-11 03:16;33086;52650;"@neymarjr where u at?? Lol"
TweetsData/justinbieber.csv;2016-07-11 03:15;45314;93673;"Getting in the championship before the championship"
TweetsData/justinbieber.csv;2016-07-11 03:15;24838;46176;"@ToriKelly you have a special gift. God bless"
TweetsData/justinbieber.csv;2016-07-09 00:40;79809;134726;"Praying for everyone today. #love"
TweetsData/justinbieber.csv;2016-07-09 00:34;42920;79322;"#countdown #coldwater #2weeks @MAJORLAZER and me"
TweetsData/justinbieber.csv;2016-07-09 00:34;41380;77602;"#coldwater 2 weeks. @MAJORLAZER @diplo let's go. And for those asking written with @ItsBennyBlanco and @edsheeran . He ain't on it."
TweetsData/justinbieber.csv;2016-07-07 04:00;40240;78857;"Last call #PurposeTour merch. 24 hrs left http:// purposetourmerch.com pic.twitter.com/308PAK18vd"
TweetsData/justinbieber.csv;2016-07-05 12:38;71748;135963;"Great day"
TweetsData/justinbieber.csv;2016-07-03 02:03;48082;95725;"Miami #PurposeTour"
TweetsData/justinbieber.csv;2016-07-01 21:49;61727;140896;"Happy Canada Day! pic.twitter.com/c57EHLLjad"
TweetsData/justinbieber.csv;2016-07-01 21:47;50016;88961;"#coldwater coming this month. Me, @MAJORLAZER @ItsBennyBlanco @edsheeran"
TweetsData/justinbieber.csv;2016-07-01 13:47;39834;88804;"Tomorrow. Miami pic.twitter.com/PYqqOtpqQw"
TweetsData/justinbieber.csv;2016-07-01 13:47;53164;110270;"Thank you for tonight. Don't ever be afraid to be yourself. #OrlandoStrong pic.twitter.com/ezvQT2g4nk"
TweetsData/justinbieber.csv;2016-07-01 13:46;24002;47741;"@kanyewest congrats on adidas my guy"
TweetsData/justinbieber.csv;2016-07-01 13:46;31711;64011;"Team sexy https:// twitter.com/scooterbraun/s tatus/748525679013036033 …"
TweetsData/justinbieber.csv;2016-07-01 07:37;27661;59529;"My guy @HollyHamy https:// twitter.com/1035ktu/status /748627309687504896 …"
TweetsData/justinbieber.csv;2016-07-01 05:32;50044;90808;"We back. New #PurposeTour merch available now http:// purposetourmerch.com pic.twitter.com/bjRq7YEgcE"
TweetsData/justinbieber.csv;2016-06-30 22:42;39193;76524;"Up next.... #OrlandoStrong #PurposeTour"
TweetsData/justinbieber.csv;2016-06-30 22:42;36601;75183;"Miami pop up store opens tomorrow. #PurposeTourMerch pic.twitter.com/xgV1fFSArI"
TweetsData/justinbieber.csv;2016-06-30 22:40;32016;59455;"https:// purposetourmerch.com /"
TweetsData/justinbieber.csv;2016-06-30 02:13;50320;94491;"Europe #mycalvins . @calvinklein is giving away #PurposeTour Berlin + London tix http:// bit.ly/297BCbY pic.twitter.com/psaLN4TTlF"
TweetsData/justinbieber.csv;2016-06-29 01:46;34244;68080;"Miami #PurposeTourAlchemist pic.twitter.com/Jc2h6yY4iM"
TweetsData/justinbieber.csv;2016-06-28 12:21;41388;88893;"Nashville that was one of the best shows yet. #PurposeTour"
TweetsData/justinbieber.csv;2016-06-28 12:11;42485;85785;"New #Justmojis for the 4th even tho I'm Canadian lol http:// onelink.to/justmoji pic.twitter.com/YQPkJWrPsX"
TweetsData/justinbieber.csv;2016-06-25 00:01;47482;100003;"My bro @JBALVIN got a new album. Get that. Congrats my friend"
TweetsData/justinbieber.csv;2016-06-25 00:01;54059;99287;"Out here"
TweetsData/justinbieber.csv;2016-06-19 01:57;125674;182658;"I need to see #FindingDory"
TweetsData/justinbieber.csv;2016-06-19 01:56;54985;101456;"She made my wish https:// twitter.com/makeawishnab/s tatus/744215677590962176 …"
TweetsData/justinbieber.csv;2016-06-19 01:55;100991;169326;"I'm a cat. I got 9 lives. Lol pic.twitter.com/9LMEl5eHGc"
TweetsData/justinbieber.csv;2016-06-19 01:11;52198;97814;"Happy birthday scoot. He is gettin old. @scooterbraun u are lucky u married a Canadian ;)"
TweetsData/justinbieber.csv;2016-06-18 05:49;61301;117883;"Happy #FindingDory day @TheEllenShow"
TweetsData/justinbieber.csv;2016-06-18 05:09;55487;110992;"If you don't have the #purpose album by now... What are you doing? pic.twitter.com/ofl8ZuzdkH"
TweetsData/justinbieber.csv;2016-06-18 05:00;33955;65394;"Here is the video for @usher . Got u bro. https:// youtu.be/fp_qAAi-T0E #crash"
TweetsData/justinbieber.csv;2016-06-18 04:52;22835;40298;"@DJTayJames got a new tape. Get it."
TweetsData/justinbieber.csv;2016-06-18 04:51;31189;60279;"New big bro. New @usher ! #crash https:// twitter.com/usher/status/7 43805967712690176 …"
TweetsData/justinbieber.csv;2016-06-17 12:54;31902;67156;"@KevinHart4real @JKCorden https:// youtu.be/XfuTGjgDapw"
TweetsData/justinbieber.csv;2016-06-17 12:53;40832;84090;"Great show tonight. #PurposeTour"
TweetsData/justinbieber.csv;2016-06-17 02:36;33326;64368;"Fashion week Italy https:// instagram.com/p/BGuayODgvm5/"
TweetsData/justinbieber.csv;2016-06-17 02:35;58315;117065;"For all those asking no I won't cancel the Orlando show. I stand with Orlando in support. Love you Orlando! #OrlandoStrong"
TweetsData/justinbieber.csv;2016-06-15 00:46;52054;99979;"Glad to be back out here performing. #purposetour"
TweetsData/justinbieber.csv;2016-06-15 00:44;38268;79778;"Glad I met you https:// twitter.com/johnsonsbloom/ status/742653449750208513 …"
TweetsData/justinbieber.csv;2016-06-15 00:43;31503;68607;"Yes https:// twitter.com/kanyewest/stat us/742705777094320128 …"
TweetsData/justinbieber.csv;2016-06-11 09:09;39877;77670;"#Justmoji on all android phones http:// goo.gl/kBSCR3 pic.twitter.com/7g0jmF3a0J"
TweetsData/justinbieber.csv;2016-06-11 09:08;49361;97142;"pic.twitter.com/P2RDiS5bsD"
TweetsData/justinbieber.csv;2016-06-11 09:07;54863;75492;"#Justin4MMVA"
TweetsData/justinbieber.csv;2016-06-11 08:52;60347;103483;"#PurposeTour back tomorrow in Winnipeg https:// amp.twimg.com/v/6e525784-12a 4-4180-8514-5c7ba7b0731d …"
TweetsData/justinbieber.csv;2016-06-10 14:27;34080;66466;"Hello https:// instagram.com/p/BGdqFg8Avtx/"
TweetsData/justinbieber.csv;2016-06-10 13:33;31083;64687;"Congrats big bro. I see no limit too https:// twitter.com/usher/status/7 41117730313674752 …"
TweetsData/justinbieber.csv;2016-06-10 13:31;21998;37009;"let's go! #Justmoji"
TweetsData/justinbieber.csv;2016-06-09 00:08;73603;111568;"#CompanyMusicVideo https:// youtu.be/gdx7gN1UyX0 pic.twitter.com/ggq4FSeyRz"
TweetsData/justinbieber.csv;2016-06-09 00:06;50860;73467;"#CompanyMusicVideo https:// youtu.be/gdx7gN1UyX0"
TweetsData/justinbieber.csv;2016-06-09 00:06;40593;65416;"http:// smarturl.it/JBCompany . #CompanyMusicVideo"
TweetsData/justinbieber.csv;2016-06-08 23:44;61856;106542;"#CompanyMusicVideo today pic.twitter.com/VSQTCW9Cx6"
TweetsData/justinbieber.csv;2016-06-08 10:49;77686;121726;"#company video tomorrow pic.twitter.com/5TX3T4GZcu"
TweetsData/justinbieber.csv;2016-06-05 13:35;67913;120486;"Great day"
TweetsData/justinbieber.csv;2016-06-05 13:30;49385;97710;"Say happy birthday to my pops! @JeremyBieber happy birthday!"
TweetsData/justinbieber.csv;2016-06-04 10:20;36345;69470;"Go get it. If you want to see the new hair. #Justmoji Justmoji by Kapps Media, LLC. https:// appsto.re/us/eikJab.i pic.twitter.com/1KEYxRSwWj"
TweetsData/justinbieber.csv;2016-06-04 06:26;42077;81558;"Tomorrow #OVOSoundRadio @Drake pic.twitter.com/vlS4lRaL6c"
TweetsData/justinbieber.csv;2016-06-04 06:01;23816;38306;"@BigBoy @kanyewest new song is pic.twitter.com/LUqHXTU4Wx"
TweetsData/justinbieber.csv;2016-06-04 06:01;27698;52765;"Love me some country. Congrats guys. @DanAndShay #OBSESSED https:// twitter.com/wmnashville/st atus/738729452457369601 …"
TweetsData/justinbieber.csv;2016-06-03 22:11;36159;58054;"#justmoji ----> https:// itunes.apple.com/us/app/justmoj i/id1082958340?mt=8 …"
TweetsData/justinbieber.csv;2016-06-03 09:02;47457;83216;"My #justmojis come out tomorrow @AppStore"
TweetsData/justinbieber.csv;2016-05-31 01:22;35305;67508;"https:// instagram.com/p/BGCfCWxgvu1/"
TweetsData/justinbieber.csv;2016-05-30 22:10;70471;115999;"Happy birthday @JazmynBieber ! Your big brother loves you. #HappyBirthdayJazmynBieber"
TweetsData/justinbieber.csv;2016-05-29 23:03;54072;116516;"Congrats to my brother @LewisHamilton on an amazing victory pic.twitter.com/NT6uYbUxBZ"
TweetsData/justinbieber.csv;2016-05-28 14:53;60842;115656;"On an adventure"
TweetsData/justinbieber.csv;2016-05-28 09:08;45924;80813;"#wedontsteal @Skrillex @bloodpop #sorry :) https:// twitter.com/skrillex/statu s/736328422901714944 …"
TweetsData/justinbieber.csv;2016-05-27 09:21;37542;71968;"PURPOSE http:// smarturl.it/JBPurpose"
TweetsData/justinbieber.csv;2016-05-27 00:55;43834;82969;"Great times @MartinGarrix #realfriend"
TweetsData/justinbieber.csv;2016-05-27 00:54;31588;63902;"Of course. It's the wedding song. Nice job fellas https:// twitter.com/danandshay/sta tus/735873070922010624 …"
TweetsData/justinbieber.csv;2016-05-26 07:09;44323;83829;"Thanks @TeenChoiceFOX http:// vote.teenchoice.com pic.twitter.com/YfBqrKGFPk"
TweetsData/justinbieber.csv;2016-05-25 13:26;35136;69426;"Road trip with @MartinGarrix and @RoryKramer https:// instagram.com/p/BF0YIP_gvsN/"
TweetsData/justinbieber.csv;2016-05-24 14:46;97890;156978;"Happy. Just being honest"
TweetsData/justinbieber.csv;2016-05-23 13:26;77781;142635;"Thank you."
TweetsData/justinbieber.csv;2016-05-23 08:30;62531;105711;"Showtime #BieberOnBBMAs"
TweetsData/justinbieber.csv;2016-05-23 03:08;38177;71860;"This video is funny @awkwardpuppets @lelepons https:// youtu.be/tcHmTmrgbA4"
TweetsData/justinbieber.csv;2016-05-20 08:21;54844;110469;"#Purpose 4x platinum in Canada. Thanks for the hard work team @umusic pic.twitter.com/iJKeFf5YEH"
TweetsData/justinbieber.csv;2016-05-19 05:33;38490;74208;"1 day left to get ur #PurposeTour merch http:// purposetourmerch.com"
TweetsData/justinbieber.csv;2016-05-18 22:46;40040;79443;"Today. #PopUpStore #PurposeTourToronto pic.twitter.com/vgP2Q8u4a5"
TweetsData/justinbieber.csv;2016-05-17 21:59;37503;76976;"Tomorrow. Toronto. pic.twitter.com/zWubYHdiNH"
TweetsData/justinbieber.csv;2016-05-17 21:58;26274;40616;"it's happening"
TweetsData/justinbieber.csv;2016-05-17 02:51;36300;74242;"Toronto exclusive Merch this week pic.twitter.com/TtWflbfTe9"
TweetsData/justinbieber.csv;2016-05-16 23:38;38230;59138;"@diplo when are we bringing this new music?"
TweetsData/justinbieber.csv;2016-05-16 23:37;82434;147585;"Sorry Argentina . I love you pic.twitter.com/FIDNJAx9HX"
TweetsData/justinbieber.csv;2016-05-16 23:36;68376;123784;"Argentinian beliebers I would like nothing more than to bring the #purposetour there but until the legal conditions change there I can't."
TweetsData/justinbieber.csv;2016-05-16 23:25;39622;75435;"And tonight #PurposeTourMontreal"
TweetsData/justinbieber.csv;2016-05-16 23:25;44895;78578;"On to better news. Watch out for the #Spotify #company campaign and music video this week."
TweetsData/justinbieber.csv;2016-05-16 23:24;62228;108971;"Argentina I do love you. It is in fact one of my favorite places to tour. I wish this was not the case. My lawyers say it is what it is."
TweetsData/justinbieber.csv;2016-05-16 23:23;60309;106549;"If things were to change I would love to come but at this time I cannot. For everyone else in South America I look forward to seeing you"
TweetsData/justinbieber.csv;2016-05-14 21:28;61943;117121;"#ilovecanada"
TweetsData/justinbieber.csv;2016-05-14 21:28;40610;84975;"#PurposeTourOttawa killed it"
TweetsData/justinbieber.csv;2016-05-14 13:20;40776;81920;"http://Www. purposetourmerch.com pic.twitter.com/wft369eFV5"
TweetsData/justinbieber.csv;2016-05-14 11:26;33780;64431;"Good times at V Files. #PurposeTour merch up now http:// purposetourmerch.com https:// youtu.be/6pt33usThkE"
TweetsData/justinbieber.csv;2016-05-14 08:27;37676;79479;"Juke Jam @chancetherapper http:// ChanceRaps.com pic.twitter.com/LdoiQDadrX"
TweetsData/justinbieber.csv;2016-05-13 05:05;46050;85329;"http:// purposetourmerch.com pic.twitter.com/kuSfTBzmJG"
TweetsData/justinbieber.csv;2016-05-12 14:55;44348;88774;"Boston was one of the best shows yet tonight. #PurposeTourBoston"
TweetsData/justinbieber.csv;2016-05-12 11:00;43112;78147;"Tokyo. See u in August #PurposeTour http://www. creativeman.co.jp/artist/2016/08 jbieber … pic.twitter.com/jW9Q7r8ljK"
TweetsData/justinbieber.csv;2016-05-10 05:16;52777;90953;"Everyone loves #company https:// youtu.be/Mn4Bsxc9yy8"
TweetsData/justinbieber.csv;2016-05-09 12:56;40979;75736;"Purpose album ---> http:// smarturl.it/JBPurpose"
TweetsData/justinbieber.csv;2016-05-09 08:12;56178;103441;"Almost time"
TweetsData/justinbieber.csv;2016-05-09 08:09;42276;66123;"@pattiemallette :)"
TweetsData/justinbieber.csv;2016-05-09 08:08;41435;78399;"#PurposeTourPhilly"
TweetsData/justinbieber.csv;2016-05-09 08:08;30994;60641;"Good one https:// twitter.com/hypebeast/stat us/728812279295135744 …"
TweetsData/justinbieber.csv;2016-05-09 08:07;20615;37554;"@christinaperri thanks"
TweetsData/justinbieber.csv;2016-05-09 08:06;30890;59710;":) https:// twitter.com/dameshek/statu s/729388607102849028 …"
TweetsData/justinbieber.csv;2016-05-07 03:17;62700;125682;"pic.twitter.com/lcZuMOCcva"
TweetsData/justinbieber.csv;2016-05-07 03:13;72606;128034;"the media really loves to twist things. Glad we have social media so they can't twist me. I love people. Plain and simple. I love people"
TweetsData/justinbieber.csv;2016-05-07 03:12;53792;105608;"About last night. Brooklyn night 2 #PurposeTourBrooklyn pic.twitter.com/IMja7nAoZL"
TweetsData/justinbieber.csv;2016-05-05 15:15;53373;108559;"Brooklyn night 1 #PurposeTourBrooklyn pic.twitter.com/ID9OujyJZf"
TweetsData/justinbieber.csv;2016-05-05 04:51;43025;79292;"#12mercer"
TweetsData/justinbieber.csv;2016-05-04 23:28;44770;87823;"Today and tomorrow. First come first serve. #12mercer pic.twitter.com/cf0PkiUqyT"
TweetsData/justinbieber.csv;2016-05-04 10:25;51029;93066;"Tomorrow. 12 mercer pic.twitter.com/EbVOzT3Jci"
TweetsData/justinbieber.csv;2016-05-04 10:24;36867;72151;"12 mercer pic.twitter.com/hx7sz1XYsm"
TweetsData/justinbieber.csv;2016-05-02 01:44;55520;114989;"Surprise performance tonight on #RDMA pic.twitter.com/ZaI7G0Q2Xy"
TweetsData/justinbieber.csv;2016-05-02 01:43;40237;74356;"Thank u https:// twitter.com/radiodisney/st atus/726570821410500608 …"
TweetsData/justinbieber.csv;2016-05-02 01:11;48421;93271;"pic.twitter.com/ogTjZqxjEj"
TweetsData/justinbieber.csv;2016-04-30 14:41;60746;112246;"#ViewsFromTheSix"
TweetsData/justinbieber.csv;2016-04-30 12:03;130312;246283;"pic.twitter.com/vOdSA2SLUG"
TweetsData/justinbieber.csv;2016-04-30 12:02;51440;122214;"Thanks for the bracelet Jen :) Happy #WorldWishDay @MakeAWish #neonwish pic.twitter.com/npGOcBCjlg"
TweetsData/justinbieber.csv;2016-04-28 00:51;58363;105277;"See u at the #BBMAs . #BieberOnBBMAs pic.twitter.com/7Q2J8bXBBy"
TweetsData/justinbieber.csv;2016-04-26 14:01;119941;213401;"Love pic.twitter.com/zP6krkmqNw"
TweetsData/justinbieber.csv;2016-04-26 14:00;38405;76375;"Thank you Detroit https:// twitter.com/thepalace/stat us/724586768297680896 …"
TweetsData/justinbieber.csv;2016-04-26 13:59;46516;88209;":) https:// twitter.com/lilhambotshell y/status/724794904149409792 …"
TweetsData/justinbieber.csv;2016-04-24 15:16;77953;145112;"Thank you"
TweetsData/justinbieber.csv;2016-04-24 15:16;57370;118616;"I swear I always have some of the best shows in Chicago!"
TweetsData/justinbieber.csv;2016-04-24 15:15;54279;112678;"Lol https:// twitter.com/jeffdye/status /724015965613264896 …"
TweetsData/justinbieber.csv;2016-04-23 14:46;95417;160347;"I love this tour. #PurposeTour"
TweetsData/justinbieber.csv;2016-04-22 00:26;61905;126175;"Making a special surprise appearance on #RDMA . Watch May 1st on @DisneyChannel pic.twitter.com/vHgg7iUEWt"
TweetsData/justinbieber.csv;2016-04-14 14:18;49748;96552;"Love u too bro https:// twitter.com/usher/status/7 20439502326669314 …"
TweetsData/justinbieber.csv;2016-04-14 14:18;56123;115188;"That was one of the best yet. Thank you to big bros @Usher and @Akon for coming out. Made Ush play all the hits. #PurposeTourAtlanta"
TweetsData/justinbieber.csv;2016-04-13 14:14;32396;53355;"@usher @Ludacris @AugustAlsina @2chainz all in the building tonight. Great show ATL"
TweetsData/justinbieber.csv;2016-04-13 03:47;49226;90009;"ATL night 1!! #PurposeTourAtlanta"
TweetsData/justinbieber.csv;2016-04-12 01:03;82842;134973;"Thanks #BBMAs and my beliebers pic.twitter.com/O1av4uVuga"
TweetsData/justinbieber.csv;2016-04-11 06:49;53552;100451;"#PurposeTourDallas"
TweetsData/justinbieber.csv;2016-04-10 22:49;59044;120263;"Houston was a movie. Dallas up next"
TweetsData/justinbieber.csv;2016-04-10 04:40;53956;103032;"#PurposeTourHouston"
TweetsData/justinbieber.csv;2016-04-07 22:51;52143;97727;"Something special in Tulsa today. #giveback"
TweetsData/justinbieber.csv;2016-04-07 22:49;41594;71442;"#Company remix @TheKnocks . They are coming with me to Canada on the #PurposeTour https:// soundcloud.com/theknocks/just in-bieber-company-the-knocks-remix …"
TweetsData/justinbieber.csv;2016-04-07 14:12;43689;87018;"Tonight was a great show. Thanks. #PurposeTourKansasCity"
TweetsData/justinbieber.csv;2016-04-07 13:13;67556;113017;"I tour in #mycalvins . Follow @calvinklein + RT their #PURPOSETOURxCK post to win tix pic.twitter.com/hkWtECH70B"
TweetsData/justinbieber.csv;2016-04-07 06:46;44020;84357;"#PurposeTourKansasCity"
TweetsData/justinbieber.csv;2016-04-07 06:46;34361;66676;"Like I said I love Kansas City https:// twitter.com/kbanksreports/ status/717839416442552321 …"
TweetsData/justinbieber.csv;2016-04-07 06:44;32886;62857;"Lol. Ray killed it https:// twitter.com/benwinston/sta tus/717619366804594688 …"
TweetsData/justinbieber.csv;2016-04-06 13:59;52969;97907;"Request #company"
TweetsData/justinbieber.csv;2016-04-06 11:52;86367;128871;""
TweetsData/justinbieber.csv;2016-04-06 11:42;115292;152137;"Life is good"
TweetsData/justinbieber.csv;2016-04-06 11:41;39014;74988;"New tune. @Drake and @kanyewest take u to the garage and do karate https:// twitter.com/drake/status/7 17387104981020672 …"
TweetsData/justinbieber.csv;2016-04-06 11:40;33959;67018;"Congrats to my bro @BigSean this EP http:// smarturl.it/TWENTY88"
TweetsData/justinbieber.csv;2016-04-06 11:40;46638;92263;"Love Kansas City"
TweetsData/justinbieber.csv;2016-04-05 09:06;50564;99555;"#PurposeTourDenver"
TweetsData/justinbieber.csv;2016-04-04 15:49;100771;182014;"Thank you pic.twitter.com/Z736ZrsmKy"
TweetsData/justinbieber.csv;2016-04-04 14:29;86677;142031;"It's me"
TweetsData/justinbieber.csv;2016-04-04 14:08;57329;107402;"Great night at #iheart and #junos . Thanks to everyone who has supported me. Back on #PurposeTour tomorrow"
TweetsData/justinbieber.csv;2016-04-04 14:05;47450;62872;"@iHeartRadio @tacobell this made me smile. #mybeliebers"
TweetsData/justinbieber.csv;2016-04-04 09:11;64509;102403;"#BestFanArmy #Beliebers #iHeartAwards pic.twitter.com/dlRiy7TmXn"
TweetsData/justinbieber.csv;2016-04-04 05:59;79019;95779;"Got the message. RT this. #BestFanArmy #Beliebers and #iHeartAwards"
TweetsData/justinbieber.csv;2016-04-04 01:41;42097;75338;"See u soon https:// twitter.com/iheartradio/st atus/716634326121578496 …"
TweetsData/justinbieber.csv;2016-04-03 08:34;64487;82812;"@pattiemallette I love you :) #yourday"
TweetsData/justinbieber.csv;2016-04-03 08:22;47363;95392;"#PurposeTourSaltLakeCity"
TweetsData/justinbieber.csv;2016-04-02 00:25;67075;124865;"On the road #PurposeTour"
TweetsData/justinbieber.csv;2016-04-01 13:15;31617;53735;"@kanyewest @fucktyler the goat"
TweetsData/justinbieber.csv;2016-03-31 16:49;80763;138405;"Blessed. Thank u"
TweetsData/justinbieber.csv;2016-03-31 16:48;46554;93422;"#PurposeTourGlendale another great show. Thank u"
TweetsData/justinbieber.csv;2016-03-31 16:47;52677;110865;"Met an amazing kid from make a wish today. Inspired"
TweetsData/justinbieber.csv;2016-03-30 15:56;43672;91934;"Haha. Just got this from @scooterbraun and @jmckinney . Got the bartender going in. Stay classy San Diego pic.twitter.com/evElmPbfJc"
TweetsData/justinbieber.csv;2016-03-30 15:54;47138;94231;"Thank u #PurposeTourSanDiego"
TweetsData/justinbieber.csv;2016-03-29 12:25;49516;100792;"Yoooo TAYE WE GOT THREE IGUANAS AND SOME YELLOW CAKE WYA COME KICK IT @TayeDiggs BRING SOME JEANS ITS 2010 - JB"
TweetsData/justinbieber.csv;2016-03-27 08:18;43101;83355;"https:// instagram.com/p/BDb3fZ8gvo0/"
TweetsData/justinbieber.csv;2016-03-26 00:28;47268;83696;"The album http:// smarturl.it/JBPurpose"
TweetsData/justinbieber.csv;2016-03-26 00:27;62735;113793;"Today is going to be a good day. #PurposeTourLasVegas"
TweetsData/justinbieber.csv;2016-03-25 15:06;30554;51685;"@Skrillex thanks bro u killed it"
TweetsData/justinbieber.csv;2016-03-25 13:42;53215;105131;"Let me see ur #Company art and lyric videos"
TweetsData/justinbieber.csv;2016-03-25 13:40;40719;70481;"Let's help kids get clean #WaterNow @WorldVisionUSA http:// bit.ly/1RagTUA #WorldWaterDay"
TweetsData/justinbieber.csv;2016-03-22 15:05;61753;135284;"Shout out to one of my inspirations @kanyewest for coming to the show tonight. Had to go big. #PurposeTourLosAngeles night 2"
TweetsData/justinbieber.csv;2016-03-22 03:12;68357;114064;"@twitter happy bday pic.twitter.com/lYRyLDEf6c"
TweetsData/justinbieber.csv;2016-03-22 02:37;84296;139641;"#Company pic.twitter.com/xICp1o7UwT"
TweetsData/justinbieber.csv;2016-03-22 02:36;41087;71822;"Stream #Company on @Spotify http:// smarturl.it/sCompany"
TweetsData/justinbieber.csv;2016-03-21 15:16;50694;102324;"Thank you La and thank u @BigSean and @chancetherapper for joining me on stage tonight. #PurposeTourLosAngeles"
TweetsData/justinbieber.csv;2016-03-21 08:02;55524;99740;"La day 1 tonight #PurposeTourLosAngeles pic.twitter.com/rkYHXb8reC"
TweetsData/justinbieber.csv;2016-03-21 07:13;55087;96081;"3 #PurposeTourLosAngeles shows start tonight https:// amp.twimg.com/v/536dbda4-17a d-4c42-8f05-ea86a3e1b33a …"
TweetsData/justinbieber.csv;2016-03-20 05:52;40427;73002;"Need that. Click that--- http:// smarturl.it/iCompany"
TweetsData/justinbieber.csv;2016-03-19 09:11;52009;96982;"#purposetouroakland tonight"
TweetsData/justinbieber.csv;2016-03-19 09:11;43730;85758;"My bud @MartinGarrix is headlining #UltraMiami tonight. Kill it bro"
TweetsData/justinbieber.csv;2016-03-18 20:15;44710;80541;"#company http:// smarturl.it/iCompany"
TweetsData/justinbieber.csv;2016-03-18 11:24;52560;100545;"#purposetoursanjose"
TweetsData/justinbieber.csv;2016-03-16 11:05;53739;99206;"SacTown tonight #PURPOSETOUR"
TweetsData/justinbieber.csv;2016-03-14 21:54;50491;86482;"#COMPANY #PURPOSE http:// smarturl.it/JBPurpose"
TweetsData/justinbieber.csv;2016-03-14 16:55;58791;109479;"#PurposeTourPortland was fun tonight"
TweetsData/justinbieber.csv;2016-03-13 17:04;142074;234675;"Purpose pic.twitter.com/e6wd86aJbD"
TweetsData/justinbieber.csv;2016-03-13 17:04;52888;99662;"Thanks :) https:// twitter.com/kcanominees/st atus/708831353337462784 …"
TweetsData/justinbieber.csv;2016-03-12 10:46;58998;117874;"Vancouver tonight"
TweetsData/justinbieber.csv;2016-03-12 10:44;73014;130686;"I love my merch"
TweetsData/justinbieber.csv;2016-03-12 00:15;64946;116352;"Vancouver tonight. #PURPOSETOUR"
TweetsData/justinbieber.csv;2016-03-10 16:06;102865;173560;"Thank you Seattle #PurposeTour pic.twitter.com/fjp7r5oRTy"
TweetsData/justinbieber.csv;2016-03-10 08:03;70254;123547;"Just signed some merch, did last run through... Ready Seattle. #PurposeTour"
TweetsData/justinbieber.csv;2016-03-10 00:22;147451;194786;"#PURPOSETOUR STARTS TODAY :) pic.twitter.com/VPdxdOQ1xw"
TweetsData/justinbieber.csv;2016-03-10 00:09;84406;122798;"#company #company #company #company #company #company #company #company #company #company #company #company #company #company #company"
TweetsData/justinbieber.csv;2016-03-10 00:07;74428;139220;"Team dinner before the tour starts pic.twitter.com/KaJNtDE50k"
TweetsData/justinbieber.csv;2016-03-09 11:32;49763;80283;"#JFCJustinBieber http:// junofanchoice.ca /"
TweetsData/justinbieber.csv;2016-03-09 05:51;80953;126668;"Tomorrow #PURPOSETOUR pic.twitter.com/icGbrnPbNB"
TweetsData/justinbieber.csv;2016-03-09 05:47;59759;103168;"See u tomorrow :) #children #PURPOSETOUR pic.twitter.com/3N2eFL5f5X"
TweetsData/justinbieber.csv;2016-03-08 07:32;72367;107121;"#2days #PURPOSETOUR"
TweetsData/justinbieber.csv;2016-03-08 07:31;57305;93583;"Request #company"
TweetsData/justinbieber.csv;2016-03-08 07:29;43385;71308;"Loving see all these kids dancing to #children @NickDeMoura #PURPOSETOUR"
TweetsData/justinbieber.csv;2016-03-06 08:14;87235;131554;"Getting ready for #PurposeTour"
TweetsData/justinbieber.csv;2016-03-06 00:17;48145;81211;"#PURPOSE http:// smarturl.it/JBPurpose"
TweetsData/justinbieber.csv;2016-03-05 03:04;76239;109707;"5 days until #PurposeWorldTour"
TweetsData/justinbieber.csv;2016-03-05 03:01;38878;64947;"I will go to 15. Needs to be kids though :) https:// twitter.com/jbcrewdotcom/s tatus/705817885441130496 …"
TweetsData/justinbieber.csv;2016-03-05 03:01;35788;58267;"Old man https:// twitter.com/scooterbraun/s tatus/705824996984131584 …"
TweetsData/justinbieber.csv;2016-03-05 01:50;46475;71657;"#PurposeTourChildren let me see what u got https:// youtu.be/b9h5N9N-eM4"
TweetsData/justinbieber.csv;2016-03-03 23:57;45277;71202;"Get the new #ShotsComedyApp http:// shots.com/app good stuff"
TweetsData/justinbieber.csv;2016-03-03 07:21;61085;107455;"#Clash100 http:// po.st/Clash100Bieber pic.twitter.com/drSI9pyH4N"
TweetsData/justinbieber.csv;2016-03-02 04:46;180469;252960;"Thank you. #22"
TweetsData/justinbieber.csv;2016-03-01 11:37;100659;166678;"#company"
TweetsData/justinbieber.csv;2016-02-29 06:49;80975;131728;"For my bday it would be nice to be #1 :) http:// smarturl.it/JBPurpose"
TweetsData/justinbieber.csv;2016-02-26 08:05;50349;85333;"Thanks to my bro @JamesBayMusic for joining me on stage at #TheBritAwards http:// youtu.be/djzDWMy1z7k watch here"
TweetsData/justinbieber.csv;2016-02-26 01:58;45238;78712;"Thanks @brits . Get #Purpose on @AppleMusic http:// smarturl.it/JBPurpose"
TweetsData/justinbieber.csv;2016-02-25 17:35;57598;92357;"Thank you http:// youtu.be/qciNGzB1iME"
TweetsData/justinbieber.csv;2016-02-25 02:24;60083;109956;"On my way to the @brits"
TweetsData/justinbieber.csv;2016-02-24 05:34;54993;100786;"And any nightclub in london saying I'm coming tonight to perform. Not true"
TweetsData/justinbieber.csv;2016-02-24 05:33;55409;92580;"#Brits rehearsal"
TweetsData/justinbieber.csv;2016-02-22 01:19;56962;114452;"#daytonaday @nascar pic.twitter.com/V2pOqA3lCZ"
TweetsData/justinbieber.csv;2016-02-20 00:06;29293;46272;"@coreyharp @CodySimpson good times boys"
TweetsData/justinbieber.csv;2016-02-20 00:01;36723;63923;"Me and @RoryKramer posting some vids @Bkstg http:// bkstg.com/app"
TweetsData/justinbieber.csv;2016-02-19 13:24;71669;107464;"#company"
TweetsData/justinbieber.csv;2016-02-19 13:24;52341;88539;"Great day with @JaxonBieber #family"
TweetsData/justinbieber.csv;2016-02-19 13:22;25783;40763;"@jamesbaymusic Good luck buddy. See you at the @brits #BRITBREAKJAMESBAY"
TweetsData/justinbieber.csv;2016-02-19 13:22;22298;37057;"@djkhaled boss talk"
TweetsData/justinbieber.csv;2016-02-19 13:21;35466;62832;"We the best! Lol https:// twitter.com/fortunemagazin e/status/700308940291227648 …"
TweetsData/justinbieber.csv;2016-02-19 06:18;50190;86909;"New merch. More coming for #PurposeWorldTour http:// smarturl.it/JBTees pic.twitter.com/lQkdLKc1JG"
TweetsData/justinbieber.csv;2016-02-18 10:58;55669;88569;"Are you ready for the #purposeworldtour ??? https:// instagram.com/p/BB6Vdfvgvp4/"
TweetsData/justinbieber.csv;2016-02-17 10:27;56716;100508;"http:// smarturl.it/JBPurposeS pic.twitter.com/qRXjeHYgly"
TweetsData/justinbieber.csv;2016-02-17 05:02;50939;81999;"Thanks for the ride to the Grammys @jkcorden . Gotta get that t zone. Lol http:// youtu.be/Kn0YDZ3wifU"
TweetsData/justinbieber.csv;2016-02-17 04:02;41581;69343;"Good times with @theellenshow last week. #giveback https://www. gofundme.com/spainschool"
TweetsData/justinbieber.csv;2016-02-17 03:50;40566;73824;"#Purpose is on @AppleMusic for $6.99 until tomorrow. Enjoy http:// smarturl.it/JBPurposeS pic.twitter.com/DJJ4YZsnsm"
TweetsData/justinbieber.csv;2016-02-16 23:19;42254;72986;"#PURPOSE http:// smarturl.it/JBPurpose"
TweetsData/justinbieber.csv;2016-02-16 23:19;100635;158116;"pic.twitter.com/xVnyB3F9o4"
TweetsData/justinbieber.csv;2016-02-16 07:47;161125;216860;"Beliebers.. We did it! I love you. Now get ready for the show. Not done yet. #GRAMMYs"
TweetsData/justinbieber.csv;2016-02-16 07:43;104071;149611;"Thank you :) pic.twitter.com/rIuhvHDG8z"
TweetsData/justinbieber.csv;2016-02-16 07:42;46092;64459;"@Skrillex @Diplo congrats boys!"
TweetsData/justinbieber.csv;2016-02-16 07:42;105697;164106;"Lol. Just playin. It's mine pic.twitter.com/BkjuckjZNe"
TweetsData/justinbieber.csv;2016-02-14 09:34;64800;98491;":) so special https:// twitter.com/avalanna/statu s/698593544571854849 …"
TweetsData/justinbieber.csv;2016-02-14 09:33;49913;87311;"Thank you I won't https:// twitter.com/theellenshow/s tatus/698674965466341376 …"
TweetsData/justinbieber.csv;2016-02-14 09:32;46376;71934;"@ZoolanderMovie pic.twitter.com/Ir3OHp5oSN"
TweetsData/justinbieber.csv;2016-02-13 04:24;54299;93834;"All the albums are available on vinyl for the first time http:// smarturl.it/BieberShop pic.twitter.com/SpQlL4Cpea"
TweetsData/justinbieber.csv;2016-02-13 04:22;42946;75094;"Thanks @iHeartRadio . See u at the #iHeartAwards http:// iHeartRadio.com/Awards pic.twitter.com/guhfYTWN6o"
TweetsData/justinbieber.csv;2016-02-12 15:48;64118;97797;"#5YearsOfNeverSayNever @jonmchu https:// itun.es/us/hpOxz"
TweetsData/justinbieber.csv;2016-02-12 11:48;76052;123154;"Come see me at Grammy rehearsal with @bkstg pic.twitter.com/Zm0y3BhcDr"
TweetsData/justinbieber.csv;2016-02-12 10:51;44185;79811;"My new fan club is here. Get @Bkstg and #getcloser https:// s.bkstg.com/zXJM90h pic.twitter.com/t6wUyzzBTi"
TweetsData/justinbieber.csv;2016-02-11 15:40;77120;140120;"The face u make when u are having a good time pic.twitter.com/1wlzDKHcxh"
TweetsData/justinbieber.csv;2016-02-11 09:42;31686;54460;"She is the best. #giveback https:// instagram.com/p/BBoK-j7tjFH/"
TweetsData/justinbieber.csv;2016-02-11 09:08;39589;73708;"Love u @TheEllenShow"
TweetsData/justinbieber.csv;2016-02-11 09:08;25429;44440;"Lol https:// twitter.com/scooterbraun/s tatus/697554272133623808 …"
TweetsData/justinbieber.csv;2016-02-11 06:48;72379;118572;"GQ pic.twitter.com/I9q9Hmyyvx"
TweetsData/justinbieber.csv;2016-02-11 01:56;44266;79499;"Hey Derek. Sorry I missed the @ZoolanderMovie premiere. Stuck in la in Grammy rehearsals. I miss not knowing things with you. Lol"
TweetsData/justinbieber.csv;2016-02-08 14:18;40032;72202;"https:// instagram.com/p/BBg8Fu2gvmO/"
TweetsData/justinbieber.csv;2016-02-06 12:04;33160;49246;"@TheGRAMMYs @diplo @Skrillex @CBS"
TweetsData/justinbieber.csv;2016-02-06 12:02;38062;51253;"@neymarjr @DavidAppleton happy birthday boys"
TweetsData/justinbieber.csv;2016-02-04 02:16;45587;75852;"Hey @ZoolanderMovie Relax! Lol https:// youtu.be/iceW6gEavu0"
TweetsData/justinbieber.csv;2016-02-02 10:13;41140;66779;"#1 @edsheeran @ItsBennyBlanco @scooterbraun @YeshuaTheGudwin http:// youtu.be/oyEuk8j8imI"
TweetsData/justinbieber.csv;2016-02-02 10:10;175952;305138;"http:// smarturl.it/JBPurpose #PURPOSE THE ALBUM"
TweetsData/justinbieber.csv;2016-02-02 10:09;47473;73722;"Thank you. #LoveYourself #1 https:// twitter.com/billboard/stat us/694266487259922432 …"
TweetsData/justinbieber.csv;2016-02-02 10:08;35526;63376;"Kills it https:// twitter.com/ellemagazine/s tatus/694311028730040320 …"
TweetsData/justinbieber.csv;2016-02-01 07:53;87718;158551;"Do you like #LoveYourself ??"
TweetsData/justinbieber.csv;2016-02-01 07:52;42502;77702;"Damn we had a good time @NickDeMoura . Can't remember though. Haha"
TweetsData/justinbieber.csv;2016-02-01 07:50;78622;129752;"Truth https:// twitter.com/ramibanton/sta tus/693312157207777280 …"
TweetsData/justinbieber.csv;2016-02-01 07:49;36297;61368;"Lol. They bleeped out what I said https:// twitter.com/belieberbabes/ status/693924482528837632 …"
TweetsData/justinbieber.csv;2016-02-01 07:48;31780;60518;"Have a great show tonight @carlyraejepsen #GreaseLive https:// twitter.com/carlyraejepsen /status/693863322056142849 …"
TweetsData/justinbieber.csv;2016-01-30 02:14;41510;68002;"Let's go Dorian! #DStrong https://www. facebook.com/PrayingForDori an … we got u"
TweetsData/justinbieber.csv;2016-01-30 02:09;39458;65541;"http:// smarturl.it/JBPurpose music #purpose"
TweetsData/justinbieber.csv;2016-01-30 02:08;83024;107711;"#purposeworldtour is going to be crazy"
TweetsData/justinbieber.csv;2016-01-30 02:08;79273;132764;"Whoever made this is hilarious pic.twitter.com/dEqEQf0huS"
TweetsData/justinbieber.csv;2016-01-30 02:07;37006;63806;"Not mad. Thanks https:// twitter.com/usatoday/statu s/692812029611089920 …"
TweetsData/justinbieber.csv;2016-01-30 02:06;32592;58614;"Me too https:// twitter.com/jammalama/stat us/692853981412872192 …"
TweetsData/justinbieber.csv;2016-01-30 02:05;48287;78729;"It wasn't juSt me. We all did. And everyone would do the same thing. https:// twitter.com/nydailynews/st atus/692861915316420615 …"
TweetsData/justinbieber.csv;2016-01-30 02:03;33288;60489;"Me too https:// twitter.com/robautumnruin/ status/693070152624160768 …"
TweetsData/justinbieber.csv;2016-01-30 02:01;35061;65023;"Me too https:// twitter.com/lilypebbles/st atus/693125403834122240 …"
TweetsData/justinbieber.csv;2016-01-30 02:00;35827;58731;"She is the best. Keep fighting Ma. #prayforma https:// twitter.com/scooterbraun/s tatus/692580369003122688 …"
TweetsData/justinbieber.csv;2016-01-30 01:55;64329;115207;"#DStrong pic.twitter.com/18gpIbeKuD"
TweetsData/justinbieber.csv;2016-01-28 03:39;75340;97017;"#BellLetsTalk"
TweetsData/justinbieber.csv;2016-01-27 07:01;106530;174840;"I flaunt in #mycalvins . Introducing the @CalvinKlein spring 2016 campaign pic.twitter.com/qe8MvgHATZ"
TweetsData/justinbieber.csv;2016-01-26 14:22;37337;64218;"http:// smarturl.it/JBPurpose #PURPOSE"
TweetsData/justinbieber.csv;2016-01-26 14:22;32875;44897;"@billboard it's all about the music #purpose thank u"
TweetsData/justinbieber.csv;2016-01-26 14:20;30309;55174;"https:// twitter.com/djkhaled/statu s/691781559779749891 …"
TweetsData/justinbieber.csv;2016-01-25 17:13;58151;99726;"Nothing like the rush of the stage"
TweetsData/justinbieber.csv;2016-01-25 17:12;36749;63451;"Had to support my bro @JBALVIN tonight at Staples. We got more coming. https:// twitter.com/jbalvin/status /691536607480950784 …"
TweetsData/justinbieber.csv;2016-01-25 10:31;64651;110735;"See everyone at @TheGRAMMYs . Honored pic.twitter.com/Gx27Vjgj9o"
TweetsData/justinbieber.csv;2016-01-25 03:25;47773;73624;"Over 200 million views. #LoveYourself http:// youtu.be/oyEuk8j8imI"
TweetsData/justinbieber.csv;2016-01-25 03:23;49187;91233;"This week only because some of u asked :) 4 bucks off. #PURPOSE . Enjoy the music http:// smarturl.it/JBPurpose pic.twitter.com/IW51oirBDP"
TweetsData/justinbieber.csv;2016-01-25 03:22;42117;80282;"This week only because some of u asked :) 4 bucks off. #PURPOSE . Enjoy the music pic.twitter.com/525jVcb26a"
TweetsData/justinbieber.csv;2016-01-22 23:22;34382;61822;"Nice! Lol https:// twitter.com/jkcorden/statu s/690434232359985153 …"
TweetsData/justinbieber.csv;2016-01-22 15:57;93159;130830;"It's coming #PURPOSETOUR"
TweetsData/justinbieber.csv;2016-01-21 18:04;40901;70254;"@RebelWilson @KellyOsbourne and thanks for the note pic.twitter.com/EeJxCFXzLG"
TweetsData/justinbieber.csv;2016-01-21 18:04;35528;63592;"We had fun https:// twitter.com/rebelwilson/st atus/690081378185166855 …"
TweetsData/justinbieber.csv;2016-01-21 18:02;40523;75105;"Thank you @JLo for having me at opening night. Incredible show. Thanks and congrats"
TweetsData/justinbieber.csv;2016-01-21 18:02;32556;56817;"Solid night with good people @NickDeMoura @poobear @YeshuaTheGudwin @scooterbraun @yael #vegas"
TweetsData/justinbieber.csv;2016-01-20 13:18;60203;108990;"It's now on my Twitter. Your secret is out. Lol https:// twitter.com/equirarte/stat us/689548676767817728 …"
TweetsData/justinbieber.csv;2016-01-18 15:18;43552;78979;"http:// smarturl.it/JBPurpose the album #PURPOSE"
TweetsData/justinbieber.csv;2016-01-18 15:17;148123;184900;"Let's be the generation that makes the world a better place"
