TweetsData/rihanna.csv;2018-05-05 01:49;3591;17368;"ONE WEEK TIL WE'RE ALL IN #SAVAGEX !! Keepin it cozy in my #OnTheReg T-shirt bra @savagexfenty MAY.11.2018 pic.twitter.com/B6Odl9GIA8"
TweetsData/rihanna.csv;2018-05-03 20:37;15076;93280;"CIA ain’t got nun on y’all tbh https:// twitter.com/badg4lrihanna/ status/991745073305014272 …"
TweetsData/rihanna.csv;2018-05-03 19:37;11897;62325;"READ my cover story at http:// ri-hanna.io/vogue @voguemagazine pic.twitter.com/XWOoEAa0VX"
TweetsData/rihanna.csv;2018-05-03 19:34;13170;65795;"so honored to cover @voguemagazine ’s June issue! http:// ri-hanna.io/vogue pic.twitter.com/v9SQRKtpyH"
TweetsData/rihanna.csv;2018-05-03 01:16;2532;17059;"9 dayz left !! shout out to my girl jazzelle for keepin it raw n’ real always.............. category: #DAMN @savagexfenty pic.twitter.com/P31hj0zhtS"
TweetsData/rihanna.csv;2018-05-02 01:25;2384;14226;"10 days til @savagexfenty drops on http:// ri-hanna.io/sxftw !!! Say hello to sweet Stella killin it in the category: #UCUTE pic.twitter.com/AZTjd3tNhw"
TweetsData/rihanna.csv;2018-05-02 01:13;4643;36113;"Leomie killin it in category: #DAMN ... @savagexfenty 10 days. pic.twitter.com/71X6kgguAH"
TweetsData/rihanna.csv;2018-05-01 01:06;4504;39242;"my girl lulu rocking her @savagexfenty in category: #OnTheReg 11 dayz left til #SAVAGEX drops pic.twitter.com/MUqjOIVrZX"
TweetsData/rihanna.csv;2018-04-30 01:28;38041;143616;"savages come in all shapes and sizes!! ya ready? @savagexfenty MAY.11.2018 pic.twitter.com/WsomcmEMzm"
TweetsData/rihanna.csv;2018-04-29 01:10;13993;60365;"get ready. MAY.11.2018. @savagexfenty pic.twitter.com/6d3ZBKwXag"
TweetsData/rihanna.csv;2018-04-28 07:50;2089;15385;"can’t wait for you to see what’s coming!! MAY 11 at 12:01 am EST Keep up at http:// ri-hanna.io/savagexfenty @SAVAGEXFENTY pic.twitter.com/ccsLBgjLNu"
TweetsData/rihanna.csv;2018-04-27 01:02;8542;44255;"Loading... MAY.11.2018 @SAVAGEXFENTY pic.twitter.com/Vj3XbC1ecF"
TweetsData/rihanna.csv;2018-04-26 02:24;4170;21956;"U better lace up! @SAVAGEXFENTY drops worldwide on MAY.11.2018 pic.twitter.com/CoebQysJXK"
TweetsData/rihanna.csv;2018-04-25 00:37;21018;84444;"bet ya didn’t know it’s #nationallingerieday got a lil treat for my ladies.... #SAVAGEXFENTY is coming to you worldwide on MAY 11th!! Exclusively on http:// ri-hanna.io/sxftw !! Head there now to peep the live countdown pic.twitter.com/LqHdiO8nRk"
TweetsData/rihanna.csv;2018-04-24 01:08;3412;20558;"#SAVAGEX is coming. @savagexfenty pic.twitter.com/EnH031WXLt"
TweetsData/rihanna.csv;2018-04-21 01:30;9244;37049;"we bout to light this up sis!! ... introducing @SAVAGEXFENTY lingerie coming soon. sign up now at http:// ri-hanna.io/sxftw !! pic.twitter.com/uQbFfOQymK"
TweetsData/rihanna.csv;2018-04-20 01:01;23208;101546;"X. pic.twitter.com/0XOKQLQnQx"
TweetsData/rihanna.csv;2018-04-18 01:02;30354;162385;"didn’t they tell u? pic.twitter.com/0RgBy1I2AB"
TweetsData/rihanna.csv;2018-04-07 19:40;7669;57038;"I’m so happy to announce that @FentyBeauty is coming to Saudi Arabia on April 19th!! #SephoraMiddleEast pic.twitter.com/Poq2z5WO3O"
TweetsData/rihanna.csv;2018-04-06 23:47;4183;23475;"#BEACHPLEASE collection is OUT NOW!!!! @FentyBeauty #BodyLava custom #KabukiBrush & #FairyBomb .... get #BrownSugar body lava EXCLUSIVELY at http:// FentyBeauty.com pic.twitter.com/1uj3QMDbDm"
TweetsData/rihanna.csv;2018-04-05 01:11;3739;23271;"#BEACHPLEASE we only 2 days away from #bodylava domination!!! Wait until you smell how delicious this is!! @fentybeauty April 6. pic.twitter.com/ADlfHdAFAn"
TweetsData/rihanna.csv;2018-04-04 05:19;3499;37532;"Ladiesss......I can’t believe it’s only 3 days away #fairybomb and #bodylava ... @fentybeauty April 6th pic.twitter.com/GG0RQ7zijc"
TweetsData/rihanna.csv;2018-04-03 01:07;2936;30630;"This FRIDAY !!! Ya ready for #bodylava and #fairybomb ??? Cause they’re almost heeeere @fentybeauty pic.twitter.com/MXH7XXvBfE"
TweetsData/rihanna.csv;2018-04-01 02:08;11164;54489;"I’m grateful for this honor! Thank you God, and thank you to my fans and supporters for holding me down and propelling me forward throughout the years! @RIAA thank you for always acknowledging us music peeps!! One Love always.... RT @RIAA : https:// twitter.com/riaa/status/97 9728681462575105 … pic.twitter.com/eof6qJ4MX1"
TweetsData/rihanna.csv;2018-04-01 01:15;6492;49410;"My sis @duckie_thot showing ‘em how it’s done!!! we drop the #bodylava and #fairybomb on April 6 @fentybeauty pic.twitter.com/pM6ncEpHGG"
TweetsData/rihanna.csv;2018-03-30 08:36;102447;398829;"https:// twitter.com/phil_lewis_/st atus/979456564221399042 …"
TweetsData/rihanna.csv;2018-03-30 01:23;4935;37997;"8 days til my #BodyLava & #FairyBomb are yours!!! Drops April 6th at @fentybeauty @sephora @harveynichols and #SephoraInJCP . pic.twitter.com/0mgNfqUprI"
TweetsData/rihanna.csv;2018-03-29 01:13;6680;49482;"who ready for dat 2018 glow up? #FairyBomb Glittering Pom Pom and #BodyLava luminizer is out next Friday! April 6th @fentybeauty pic.twitter.com/IFUkwYkMVJ"
TweetsData/rihanna.csv;2018-03-28 01:13;7581;42556;"summer came early with my #BEACHPLEASE collection @fentybeauty #bodylava luminizer & #fairybomb glittering pom pom coming to http:// fentybeauty.com @sephora @harveynichols and #SephoraInJCP on APRIL 6th! pic.twitter.com/pqcnTdlVQ3"
TweetsData/rihanna.csv;2018-03-15 23:39;7000;34082;"SS18 @FENTYXPUMA is out NOW! So excited for y'all to finally have this collection man http:// puma.com/rihanna #FENTYXPUMA pic.twitter.com/cOqQjO50V7"
TweetsData/rihanna.csv;2018-03-11 04:19;13979;87090;"Glory to God https:// twitter.com/applemusic/sta tus/972534801679994880 …"
TweetsData/rihanna.csv;2018-03-06 02:00;3967;38428;"Ciao! That’s right!! @fentybeauty is finally coming to @sephoraitalia on April 6th! pic.twitter.com/qh7OpFAjzl"
TweetsData/rihanna.csv;2018-03-01 04:39;10381;61396;"#FENTYxPUMA gang. @fentyxpuma SS18 #March15th pic.twitter.com/dCGyZiNTGj"
TweetsData/rihanna.csv;2018-03-01 04:38;8740;54347;"the new SS18 #FENTYxPUMA collection is about to be here! I know you guys are excited to finally have it and the countdown to #MARCH15th starts now! Bye bye coins! pic.twitter.com/rw1dEawGcq"
TweetsData/rihanna.csv;2018-02-07 12:01;3299;24273;"Happy Valentine’s ladies. My newest collab with @stance drops tonight! Get the #ColdHearted collection at Midnight PST on http:// ri-hanna.io/stancech #rihannaxstance pic.twitter.com/QToaUpSFzK"
TweetsData/rihanna.csv;2018-02-02 02:22;4347;20781;"Hello @theresa_may and @PennyMordaunt , please continue to prioritize girls’ education and be a top funder of @GPforEducation . Will @DFID_UK make a historic commitment of £380M to #FundEducation tomorrow? @claralionelfdn @glblctzn"
TweetsData/rihanna.csv;2018-02-02 02:21;2830;12764;"hi @JulieBishopMP & @TurnbullMalcolm will you step up w/ a $200M pledge to #FundEducation at the @GPforEducation conference in Senegal tomorrow? Kick off your 1st year on the #HumanRightsCouncil by giving the universal human right to education! @claralionelfdn @glblctzn"
TweetsData/rihanna.csv;2018-02-02 02:20;5300;32380;"Merci @emmanuelmacron for stepping up to co-host @GPforEducation ’s Financing Conference in Dakar! Will France pledge €250M for @GPforEducation tomorrow? @claralionelfdn @glblctzn"
TweetsData/rihanna.csv;2018-01-17 23:11;7066;55993;". @erna_solberg #throwback to 1 year ago when we talked about how important it is to #FundEducation . Now it’s time… Will lead in Senegal on 2/2/18 with a $375M USD pledge to @GPforEducation ? @glblctzn @claralionelfdn pic.twitter.com/KRFXbmMSbj"
TweetsData/rihanna.csv;2017-12-30 04:13;5012;43397;"shade: Griselda. How y'all liking the shades of #MATTEMOISELLE ? ...all 14 available now @fentybeauty @sephora @harveynichols & #SephoraInJCP http:// FentyBeauty.com pic.twitter.com/Z8AKeOHrGN"
TweetsData/rihanna.csv;2017-12-26 22:11;5730;35099;"#MATTEMOISELLE is HERE We got a color for every mood.... get all 14 lip shades now at @fentybeauty http:// fentybeauty.com @sephora @harveynichols and #SephorainJCP today!! pic.twitter.com/SEZ6nxRBss"
TweetsData/rihanna.csv;2017-12-25 04:08;6826;56547;"shade: MADAMN .... only 2 days until #MATTEMOISELLE drops in 14 shades at 9AM EST Dec. 26 @fentybeauty pic.twitter.com/3dPqCxFQ9A"
TweetsData/rihanna.csv;2017-12-23 02:24;3282;22600;". @duckie_thot . gettin it in with #MATTEMOISELLE ..... all 14 shades can be yours in 4 days (Dec 26). @fentybeauty @sephora @harveynichols #SephorainJCP pic.twitter.com/1dAMtRMQoj"
TweetsData/rihanna.csv;2017-12-21 03:22;4020;34031;"shade: SAW-C #MATTEMOISELLE @fentybeauty @sephora @harveynichols and #SephoraInJCP pic.twitter.com/xadqGV1WAa"
TweetsData/rihanna.csv;2017-12-20 07:54;26859;91160;"Every con has its pros… enjoy the new #Oceans8 trailer!! @OCEANS8MOVIE coming June 2018 pic.twitter.com/EEFbRtD18a"
TweetsData/rihanna.csv;2017-12-20 06:55;6062;39001;"shade: UP 2 NO GOOD one week til #MATTEMOISELLE drops. get dem lips and coins readyyyyy!!! @fentybeauty http:// FentyBeauty.com pic.twitter.com/FeHzbn8P8Z"
TweetsData/rihanna.csv;2017-12-19 05:03;7131;37008;"what dat mouf do?! y'all ready for #MATTEMOISELLE on Dec. 26 doe?? @fentybeauty pic.twitter.com/9DZaBUunaY"
TweetsData/rihanna.csv;2017-12-19 03:21;6375;47260;"shade: PMS comin at ya next Tuesday!! Dec 26. #MATTEMOISELLE @fentybeauty pic.twitter.com/y7UfwbWTMG"
TweetsData/rihanna.csv;2017-12-18 02:32;3871;31494;"shade: MIDNIGHT WASABI. 9 days til #MATTEMOISELLE is out at @fentybeauty @sephora @harveynichols #SephoraInJCP pic.twitter.com/wFoSS2MRfS"
TweetsData/rihanna.csv;2017-12-17 02:11;7100;67279;"shade: Freckle Fiesta #MATTEMOISELLE lipstick Dec.26 @fentybeauty @sephora @harveynichols pic.twitter.com/SfgwHwQcsR"
TweetsData/rihanna.csv;2017-12-16 02:43;6840;49379;"shade: One of the Boyz 14 @fentybeauty #MATTEMOISELLE lipsticks coming DEC 26. Get yo coins ready!!!! pic.twitter.com/EE9z1hbJqj"
TweetsData/rihanna.csv;2017-12-15 02:09;5317;38888;"shade: #CANDYVENOM . ... #MATTEMOISELLE drops online at 9am EST on DEC.26 ! @fentybeauty pic.twitter.com/5hJmpI3F49"
TweetsData/rihanna.csv;2017-12-13 22:33;7634;50448;"shade: #SPANKED #MATTEMOISELLE drops Dec. 26th at @fentybeauty @sephora and @harveynichols pic.twitter.com/duNGx1OQi4"
TweetsData/rihanna.csv;2017-12-13 01:50;10945;40024;"14 new @fentybeauty lipstick shades coming right up!! #MATTEMOISELLE drops online at 9am EST on Dec. 26 Be first in line @sephora @harveynichols and #SephorainJCP pic.twitter.com/rOct2Fpxua"
TweetsData/rihanna.csv;2017-12-08 01:09;3764;21540;"The brand new TRAINER is here and available now!! come thru at http:// puma.com/rihanna #FENTYxPUMA pic.twitter.com/z2bITRnOjc"
TweetsData/rihanna.csv;2017-12-06 03:40;14418;76980;"shout out to the big homie GOD! big ups to all the fans and streamers for the support when sis ain't even had an album out. 2017! @Spotify #BlackGirlMagic pic.twitter.com/ukIAzts1Ro"
TweetsData/rihanna.csv;2017-11-29 03:07;4525;26830;"my fenty beauty queens! beautiful and #UNCENSORED with #STUNNA @fentybeauty pic.twitter.com/ZE9xJnOIVa"
TweetsData/rihanna.csv;2017-11-27 02:24;8110;61176;"come thruuuuu sis!! that #STUNNA looking bomb af on yo cute bald head ass! Lol @fentybeauty pic.twitter.com/kRsjT3KvoI"
TweetsData/rihanna.csv;2017-11-25 01:25;2190;17941;"bout dat #STUNNA life! Out now at @fentybeauty http:// fentybeauty.com pic.twitter.com/7kxyBb3UCd"
TweetsData/rihanna.csv;2017-11-23 23:17;3318;18240;"#STUNNA is out now at http:// fentybeauty.com @fentybeauty @sephora @harveynichols #SephoraInJCP pic.twitter.com/KrsXC2EbpL"
TweetsData/rihanna.csv;2017-11-23 02:59;6301;41624;"#STUNNA drops TONIGHT at MIDNIGHT EST!! @fentybeauty @sephora @harveynichols #SephoraInJCP pic.twitter.com/UBgBTg9R2X"
TweetsData/rihanna.csv;2017-11-23 01:02;6813;32465;"issa role model. dat #STUNNA dropping at MIDNIGHT TONIGHT babyyy!!! @fentybeauty pic.twitter.com/6ccYmfZmke"
TweetsData/rihanna.csv;2017-11-21 23:44;6147;27101;". @dazed cover 4/4 #coverseason pic.twitter.com/A0L7HDrrap"
TweetsData/rihanna.csv;2017-11-21 23:16;8802;41783;"me: I want to look like Shirley Temple had dreads @yusefhairnyc : say no more. @dazed . cover 3/4 pic.twitter.com/9c02zzSKHy"
TweetsData/rihanna.csv;2017-11-21 23:14;15485;80558;"stay woke. @dazed cover 2/4 pic.twitter.com/aUJGr6pTSs"
TweetsData/rihanna.csv;2017-11-21 23:11;3687;15750;". @dazed magazine. 4 covers. 1/4 Photography by @harleyvweir Styling by #robbiespencer Hair by @YusefHairNYC Make-up by #thomasdekluyver Nails by @jennylongworth pic.twitter.com/yD5VIySk6q"
TweetsData/rihanna.csv;2017-11-21 02:04;4302;18988;". @VogueParis on stands Dec.1 Cover #3 Shot by #JeanPaulGoude Styled by Aleksandra Woroniecka Hair by @YusefHairNYC Makeup by #StephaneMarais Nails by @jennylongworth pic.twitter.com/vkvQOZ4PUu"
TweetsData/rihanna.csv;2017-11-21 01:56;4426;19140;". @VogueParis Cover #2 Shot by @InezandVinoodh Styled by #MelOttenberg Hair by @YusefHairNYC Makeup by #StephaneMarais Nails by #MariaSalandra pic.twitter.com/zXW38Pgr1Z"
TweetsData/rihanna.csv;2017-11-21 01:52;5454;25860;". @VogueParis #GuestEditor for December issue! 3 photographers, 3 editorials, 3 covers! Cover #1 Shot by #JuergenTeller Styled by #AnastasiaBarbieri Hair by @YusefHairNYC Makeup by #Yadim Nails by #MariaSalandra pic.twitter.com/FFuDiQoXbI"
TweetsData/rihanna.csv;2017-11-19 08:12;6614;49592;"waiting for #STUNNA like.... Only 5 days left.. @fentybeauty pic.twitter.com/mnxKWExLgR"
TweetsData/rihanna.csv;2017-11-18 04:30;2693;21285;"when Nov 23 not coming fast enough!! #STUNNA less than a week til it drops! @fentybeauty pic.twitter.com/xuXHSoN8cN"
TweetsData/rihanna.csv;2017-11-17 04:31;9439;37056;". @TIME mag named @fentybeauty one of the 25 best inventions of 2017! I'm honored and I have to send love to everyone who's supported this brand in the 2months that we've been here! Glory to the Most High. http:// time.com/5026366/rihann a-fenty-beauty-best-inventions-2017 … pic.twitter.com/GsPG64A93P"
TweetsData/rihanna.csv;2017-11-16 01:27;8009;37668;"SCREAMING!!!! @fentybeauty won 3 @Refinery29 #BeautyInnovatorAwards : innovator of the year, best foundation for #PROFILTR and best beauty campaign! thank you #R29BIA shout out to the big homie God!!! pic.twitter.com/GIAGjGT712"
TweetsData/rihanna.csv;2017-11-15 02:51;2843;20755;"#STUNNA @fentybeauty . Out next Thursday!! pic.twitter.com/DKXtQGrpb0"
TweetsData/rihanna.csv;2017-11-13 01:55;3903;26606;"#STUNNA lips on da homie slickwoods ... this was shortly after she said she would never wear red lipstick coming Nov. 23 @fentybeauty pic.twitter.com/Yvj22IP9dT"
TweetsData/rihanna.csv;2017-11-12 08:21;45198;179114;"#stunna don't laugh at my tutorial skillz @fentybeauty pic.twitter.com/e1rV8xHC30"
TweetsData/rihanna.csv;2017-11-12 03:12;2540;23366;"Nov. 23. #STUNNA @fentybeauty pic.twitter.com/bFHDC4e6KM"
TweetsData/rihanna.csv;2017-11-11 04:56;3059;25270;"Be a #STUNNA . @fentybeauty stunna lip paint in shade #UNCENSORED pic.twitter.com/DOIMFjKZPF"
TweetsData/rihanna.csv;2017-11-11 02:13;5378;33549;"#STUNNA Lip Paint.... by @fentybeauty coming to @sephora and @harveynichols on Nov. 23. pic.twitter.com/hxXrlf1t9Q"
TweetsData/rihanna.csv;2017-11-10 02:40;18600;90793;"#STUNNA LIP PAINT. NOV 23 @fentybeauty pic.twitter.com/lNXjBoRLNq"
TweetsData/rihanna.csv;2017-11-10 01:52;10139;43022;"NOV. 23… get your lips ready #STUNNA LIP PAINT is coming!! @fentybeauty pic.twitter.com/wKS8K7QVEF"
TweetsData/rihanna.csv;2017-11-07 05:18;7637;33439;"thottie or nice? Tomorrow.. new #rihannaxstance for the holidays are out! (midnight PT tonight at @stance ) pic.twitter.com/IC7T2QeKd5"
TweetsData/rihanna.csv;2017-11-05 03:30;4047;27596;"ayyyyye! when you get yo eyeshadow exactly like the other eye!! @duckie_thot #GALAXYCOLLECTION @fentybeauty pic.twitter.com/nZnmkzULGB"
TweetsData/rihanna.csv;2017-11-04 08:11;4024;27214;"Squad. Get the limited edition #GALAXYCOLLECTION before it’s gone!! @fentybeauty pic.twitter.com/AoG0VhQ4OT"
TweetsData/rihanna.csv;2017-11-03 01:48;6821;46082;"a true queen you are @Cher ...thank you! https:// twitter.com/cher/status/92 6120964814860288 …"
TweetsData/rihanna.csv;2017-11-02 22:12;6417;28547;"The latest from the AW17 #FENTYxPUMA collection is out now at http:// ri-hanna.io/fentyxpuma !! @FENTYxPUMA @PUMA pic.twitter.com/xaJkVgy5o6"
TweetsData/rihanna.csv;2017-11-02 00:20;10814;32560;"tell da paparazzi get the lens right. @NERDarmy . LEMON is out now! Watch the tutorial http:// smarturl.it/lemonvid #NoOneEverReallyDies @pharrell pic.twitter.com/Qsw6F2gukz"
TweetsData/rihanna.csv;2017-10-30 21:27;7971;49093;"THURSDAY. More from the #FENTYxPUMA AW17 collection drops!!! Nov. 2nd! pic.twitter.com/JYiE65ykjH"
TweetsData/rihanna.csv;2017-10-27 23:05;47749;173927;"Cover of @VOGUEARABIA on stands Nov. 1st!! pic.twitter.com/olYxk5Dv2E"
TweetsData/rihanna.csv;2017-10-27 12:01;48738;187539;"NOVEMBER 1st @VOGUEARABIA pic.twitter.com/rIAjABcopA"
TweetsData/rihanna.csv;2017-10-20 00:55;8752;52971;"https:// twitter.com/billboard/stat us/921035742612283392 …"
TweetsData/rihanna.csv;2017-10-19 22:59;2874;17964;"Cleated Creepers are available now in NEW COLORS!! get em out here: http:// ri-hanna.io/fentyxpuma #FENTYxPUMA pic.twitter.com/lnPKT6v0OC"
TweetsData/rihanna.csv;2017-10-18 21:22;4249;26501;"The #FENTYxPUMA Cleated Creeper is back in new colors TOMORROW Oct. 19th!! pic.twitter.com/gr9JX6Ukcg"
TweetsData/rihanna.csv;2017-10-18 03:02;3070;18192;"#GALAXYCOLLECTION . LIMITED EDITION. Get the intergalactic fam while you still can! @fentybeauty pic.twitter.com/gt0VVkPH3m"
TweetsData/rihanna.csv;2017-10-17 01:56;5332;32803;"Cosmic Gloss Lip Glitter. Kisses @fentybeauty pic.twitter.com/uUjR1p8a7X"
TweetsData/rihanna.csv;2017-10-15 23:17;6833;31503;"Starlit Hyper-Glitz Lipstick @fentybeauty pic.twitter.com/KNOpmQ66TA"
TweetsData/rihanna.csv;2017-10-14 23:20;5673;34998;"Galaxy Eyeshadow Palette. Im dying to hear what your favorite colors are... @fentybeauty pic.twitter.com/FmPtp2px38"
TweetsData/rihanna.csv;2017-10-14 00:00;4362;20348;"The @fentybeauty #GalaxyCollection is OUT NOW at http:// FentyBeauty.com @sephora @harveynichols ... Hope you love it as much as I do! pic.twitter.com/BBdIcFNS1I"
TweetsData/rihanna.csv;2017-10-13 01:25;5138;29655;"Goes down TOMORROW… the #GALAXYCOLLECTION will be available at http:// ri-hanna.io/fentybeauty @sephora and @harveynichols pic.twitter.com/YNcygINpzl"
TweetsData/rihanna.csv;2017-10-12 01:41;5753;40674;"2 more days!! I can’t wait to share this #GALAXYCOLLECTION with y'all man @fentybeauty pic.twitter.com/AIOc9Rf2dD"
TweetsData/rihanna.csv;2017-10-11 01:23;2671;22703;"Three more nights... #GALAXYCOLLECTION #Fridaythe13th @fentybeauty pic.twitter.com/XK5QyiFN2q"
TweetsData/rihanna.csv;2017-10-10 00:54;2758;24153;"Coming this Friday. #GALAXYCOLLECTION . You ready? @fentybeauty pic.twitter.com/J9xFq52vON"
TweetsData/rihanna.csv;2017-10-09 02:16;5465;34095;"Outta this world in 5 days!! #GALAXYCOLLECTION . @fentybeauty pic.twitter.com/V8l6BD62zs"
TweetsData/rihanna.csv;2017-10-09 00:40;4877;31165;"Yuuuummmmmm!!! These limited delicious Starlit Hyper-Glitz lips are almost yours!! Friday 13th @fentybeauty pic.twitter.com/a8QmQ6xcLC"
TweetsData/rihanna.csv;2017-10-08 01:33;8318;51296;"#GALAXYCOLLECTION in 6 days! OCT. 13 @fentybeauty pic.twitter.com/Ng03xhlPW1"
TweetsData/rihanna.csv;2017-10-07 02:02;6563;35281;"The #GALAXYCOLLECTION drops in ONE WEEK. Who’s here for #Fridaythe13th ? @fentybeauty @sephora @harveynichols #SephoraInJCP pic.twitter.com/ZQ484SRSmc"
TweetsData/rihanna.csv;2017-10-05 22:14;4730;24672;"#FENTYxPUMA F.U. suede slides are out now! ... http:// ri-hanna.io/fentyxpuma pic.twitter.com/HpGmbOR8Oy"
TweetsData/rihanna.csv;2017-10-04 00:41;14228;51973;"when you extra AF. @fentybeauty #bloopers pic.twitter.com/tXaSnuEq3A"
TweetsData/rihanna.csv;2017-10-03 22:35;5634;44137;"Love you ! https:// twitter.com/riri_badgal1/s tatus/914596440193863682 …"
TweetsData/rihanna.csv;2017-10-03 22:05;6871;28713;"F.U. SUEDE SLIDES. THURSDAY. OCT. 5. Fenty University. #FENTYxPUMA pic.twitter.com/F7cGpd2aEo"
TweetsData/rihanna.csv;2017-10-02 21:36;102391;362596;"Saying a prayer for all the victims & their loved ones, also for the residents & visitors of Las Vegas! This was a horrific act of terror!!"
TweetsData/rihanna.csv;2017-09-30 00:01;4468;24446;"the grass is greener on the FENTY side. Shop the Fall @FENTYxPUMA Collection now! http:// ri-hanna.io/fentyxpuma pic.twitter.com/fbvOTPR792"
TweetsData/rihanna.csv;2017-09-29 16:39;34524;83436;"If you have even the smallest donation, you can help save lives! https:// twitter.com/rocnation/stat us/913456546989973504 …"
TweetsData/rihanna.csv;2017-09-29 00:37;4136;20507;"FENTY @PUMA UNIVERSITY CLASS OF ‘17...the Fall collection is out now!! Shop at http:// ri-hanna.io/fentyxpuma #FENTYxPUMA pic.twitter.com/hLC7uZGFM9"
TweetsData/rihanna.csv;2017-09-28 21:14;60859;195144;"Round of APPLAUSE to these gentlemen for taking control of this devastating situation!!! #CaribbeanGirl #OneLove https:// twitter.com/cnnbrk/status/ 912355751460507650 …"
TweetsData/rihanna.csv;2017-09-28 18:56;156753;356718;"Dear @realDonaldTrump I know you've probably already seen this, but I just wanted to make sure! Don't let your people die like this. pic.twitter.com/mDO848JAUx"
TweetsData/rihanna.csv;2017-09-27 14:59;61747;150163;"--- @realDonaldTrump ----> https:// twitter.com/cbsnews/status /912689727513513985 …"
TweetsData/rihanna.csv;2017-09-27 05:47;11411;32193;"#PuertoRico https:// instagram.com/p/BZg-VNPFV3A/ @realDonaldTrump ????????"
TweetsData/rihanna.csv;2017-09-27 01:04;3676;20274;"The whole @fentybeauty collection. Shop it at http:// ri-hanna.io/fentybeauty ! pic.twitter.com/2tnJkogTHo"
TweetsData/rihanna.csv;2017-09-27 01:01;4099;19852;"The @FENTYxPUMA AW17 collection drops this Thursday. SEPT. 28. Get to class!! #FENTYxPUMA pic.twitter.com/0o2uhUes62"
TweetsData/rihanna.csv;2017-09-25 22:37;4865;42635;"440. @fentybeauty pic.twitter.com/vhLavQWB9U"
TweetsData/rihanna.csv;2017-09-22 05:14;29986;76829;"Holiday collection. You ready? Friday Oct 13th. @sephora @fentybeauty #sephoralovesfentybeauty pic.twitter.com/8vO4IaLUxS"
TweetsData/rihanna.csv;2017-09-22 05:12;8443;28262;"Sneak peek for the holidays. OCT. 13 @sephora @fentybeauty #sephoralovesfentybeauty pic.twitter.com/OxoQpfbpW5"
TweetsData/rihanna.csv;2017-09-21 23:58;8434;29075;"still not over it... #FENTYxPUMA SS18. In case ya missed it... pic.twitter.com/CGzE4Zmls7"
TweetsData/rihanna.csv;2017-09-21 21:36;15701;77206;"Sending my love and prayers to everyone affected!!"
TweetsData/rihanna.csv;2017-09-21 21:35;8419;39772;"There is much suffering yet to come-lost buildings, lost jobs, lost hope!!!"
TweetsData/rihanna.csv;2017-09-21 21:35;55274;215200;"The Carribean, Mexico, Texas and Florida have taken some awful hits in the last few weeks! We must all do what we can to help!"
TweetsData/rihanna.csv;2017-09-20 00:59;9102;38320;"Get ready for class... The #FENTYXPUMA AW17 collection drops SEPT. 28 pic.twitter.com/b5TGhx5kL8"
TweetsData/rihanna.csv;2017-09-19 22:27;7801;48290;"390. @fentybeauty pic.twitter.com/N4NvhrYv1j"
TweetsData/rihanna.csv;2017-09-19 01:34;4198;29273;"Killin' em with that #KILLAWATT @fentybeauty pic.twitter.com/wxEcrBAFhK"
TweetsData/rihanna.csv;2017-09-18 01:36;2496;17121;"Conceal, contour and highlight with the #MATCHSTIX gang. @fentybeauty pic.twitter.com/zZyjDk87QP"
TweetsData/rihanna.csv;2017-09-18 01:29;2942;33365;"300. @fentybeauty pic.twitter.com/R6tKBCko8u"
TweetsData/rihanna.csv;2017-09-17 01:21;3727;27453;"GLOSS BOMB in shade #FentyGlow . It's pretty much my addiction at this point. @fentybeauty pic.twitter.com/EQ6j8YGdHb"
TweetsData/rihanna.csv;2017-09-16 03:10;5440;42530;"360. @fentybeauty pic.twitter.com/lbSEARvM0M"
TweetsData/rihanna.csv;2017-09-16 03:09;3050;19343;"#KILLAWATT FREESTYLE HIGHLIGHTER in TROPHY WIFE. one of the favorites @fentybeauty pic.twitter.com/CmWmoZikR5"
TweetsData/rihanna.csv;2017-09-14 22:00;2748;15115;"The #CLF Creeper is out today! Help me and @PUMA support the @claralionelfdn ... Get it at http:// ri-hanna.io/fentyxpuma #FENTYxPUMA pic.twitter.com/HrqUfdyiHI"
TweetsData/rihanna.csv;2017-09-14 00:29;2425;17989;"my go-to. #INVISIMATTE @fentybeauty pic.twitter.com/uY3DCfYMVf"
TweetsData/rihanna.csv;2017-09-14 00:05;13969;64217;"#PROFILTR no shade...40 shades! @fentybeauty pic.twitter.com/UyzD6dMmPv"
TweetsData/rihanna.csv;2017-09-13 02:19;7601;48299;"490. @fentybeauty pic.twitter.com/OSEFDfHVS2"
TweetsData/rihanna.csv;2017-09-13 02:16;2271;17981;"BLOTTING PAPER. One of my faves. @fentybeauty pic.twitter.com/8i5kzpV0mt"
TweetsData/rihanna.csv;2017-09-11 23:11;4030;19280;"check out the looKs from last night's #FENTYxPUMA SS18 show http:// ri-hanna.io/FXPSS18looks"
TweetsData/rihanna.csv;2017-09-10 19:34;149880;566852;"Tweet of the week https:// twitter.com/billybobsander z/status/906653634296930304 …"
TweetsData/rihanna.csv;2017-09-10 01:09;4409;29751;"What's your favorite piece from the new @fentybeauty line? #fentyface pic.twitter.com/DvJt407Lkp"
TweetsData/rihanna.csv;2017-09-10 01:04;5593;33167;"PRO FILT’R @FentyBeauty Foundation. 40 shades for makeup lovers around the world. I’m 340! What's yours? #fentyface pic.twitter.com/2thwbQz3Kw"
TweetsData/rihanna.csv;2017-09-09 01:12;8322;32197;"Killin’ them with that glow. #KILLAWATT @fentybeauty has arrived! pic.twitter.com/lDH4V4lGbq"
TweetsData/rihanna.csv;2017-09-09 01:11;4420;19756;"Contour, conceal, and highlight with #MATCHSTIX . @fentybeauty out now!! pic.twitter.com/IeCsLLq7Kt"
TweetsData/rihanna.csv;2017-09-09 01:10;6394;24889;"The ultimate filt’r. #PROFILTR foundation. Now available at @fentybeauty @sephora @harveynichols !! http:// ri-hanna.io/fentybeauty pic.twitter.com/rUioYMwd54"
TweetsData/rihanna.csv;2017-09-08 23:47;100511;338946;"Mexico you are in my prayers as well! Just heard of this horrible earthquake! Praying for the families of those who lost their lives!"
TweetsData/rihanna.csv;2017-09-08 23:04;43063;185520;"on my knees just praying for my Caribbean people this morning!! My heart goes out to you in a time like this!!! #HurricaneIrma"
TweetsData/rihanna.csv;2017-09-08 10:08;8644;37121;"We stole the keys to @Sephora in #TimesSquare ! Celebrate the launch of @fentybeauty with me at MIDNIGHT tonight! 1500 Broadway. pic.twitter.com/mU30s0R8Xp"
TweetsData/rihanna.csv;2017-09-08 03:30;11685;38496;"Watch the behind the scenes of my @ELLEmagazine cover shoot featuring @fentybeauty ! pic.twitter.com/Es7RViww6V"
TweetsData/rihanna.csv;2017-09-08 03:10;12021;43267;"New @ELLEmagazine . Featuring @fentybeauty Match Stix in shade #UNICORN pic.twitter.com/nAmqHTiZJm"
TweetsData/rihanna.csv;2017-09-08 01:11;97502;309186;"The new generation of beauty. @fentybeauty pic.twitter.com/mmu5Oed5Nq"
TweetsData/rihanna.csv;2017-09-08 01:10;18806;51828;"THE FAMILY. Get it at http:// fentybeauty.com at Midnight tonight! @fentybeauty pic.twitter.com/Dy2Qdch7nD"
TweetsData/rihanna.csv;2017-09-08 00:42;13357;44676;"Mood af!!!!!! Midnight can't come fast enough!!!!! http:// FentyBeauty.com will officially be live! pic.twitter.com/TVnkf0334m"
TweetsData/rihanna.csv;2017-09-07 05:14;10441;37631;"GLOSS BOMB. 9.8.17 @fentybeauty pic.twitter.com/Q0yoRoMamg"
TweetsData/rihanna.csv;2017-09-06 23:29;3448;15354;"Follow @fentybeauty on Facebook to watch our launch party LIVE at 7:15pm ET tomorrow! It's gon be lit, don't miss it!!!!! pic.twitter.com/KcJVfCCL4s"
TweetsData/rihanna.csv;2017-09-06 01:09;5941;26638;"MATCH STIX. 9.8.17 @fentybeauty pic.twitter.com/e5Djf6OibH"
TweetsData/rihanna.csv;2017-09-06 00:49;4949;24167;"Dolla campaign ends tonight!!! Donate $1 to @claralionelfdn before Midnight EST and I'll see one of you at the #DiamondBall pic.twitter.com/ll43hZLSis"
TweetsData/rihanna.csv;2017-09-05 01:04;9436;38245;"SO INTERNATIONAL. Sept. 8. @fentybeauty is coming. pic.twitter.com/fbxLRqDGzE"
TweetsData/rihanna.csv;2017-09-04 05:08;7369;36632;"KILLAWATT. Sept. 8 @fentybeauty pic.twitter.com/OXWpvl9hpr"
TweetsData/rihanna.csv;2017-09-03 01:06;9192;42106;"GINGER BINGE. MOSCOW MULE. 9.8.17 @fentybeauty #Killawatt Highlight Duo pic.twitter.com/t3r3ZnSLu9"
TweetsData/rihanna.csv;2017-09-02 01:51;5195;14321;"http:// FENTYBEAUTY.com starts shipping globally on SEPT 8 at MIDNIGHT!!! Check your local @sephora @harveynichols for in-store launch times pic.twitter.com/MpusnfTbZi"
TweetsData/rihanna.csv;2017-09-02 01:47;7785;28509;"CHILI MANGO. TROPHY WIFE. YACHT LIFE. CONFETTI. 9.8.17 @fentybeauty #shadenames pic.twitter.com/bzxsC76F6y"
TweetsData/rihanna.csv;2017-09-02 01:24;29207;67113;"This is @FentyBeauty . Head to a @sephora #sephorainJCP or @harveynichols store to get an exclusive behind-the-scenes look! pic.twitter.com/rBE39k7c7t"
TweetsData/rihanna.csv;2017-09-01 22:10;1960;7825;"Check out the @ClaraLionelFdn 's new $1 campaign http:// bit.ly/2wtx5fK for a chance to come to my #DiamondBall in NYC 9/14!"
TweetsData/rihanna.csv;2017-09-01 22:08;2567;14673;"Oh and for real #NAVY thanks to those who already donated to @ClaraLionelFdn $1 campaign! Looking forward to seeing 1 of you at Diamond Ball"
TweetsData/rihanna.csv;2017-09-01 19:01;8608;34815;"Spilling starts today! Who's coming to the tea poortyyy?! @fentybeauty https:// twitter.com/_noellaa/statu s/903573132287631361 …"
TweetsData/rihanna.csv;2017-09-01 18:57;5551;40591;"and by Auntumn I mean Autumn!"
TweetsData/rihanna.csv;2017-09-01 18:52;3631;15798;"Yaaaaaasssss!!!! Team tall af all Auntumn '17 !!! Get yours at http:// Puma.com right now https:// twitter.com/puma/status/90 3256083086671872 …"
TweetsData/rihanna.csv;2017-09-01 18:48;36239;109335;"Oh I'm for sure watching this https:// twitter.com/crownheightsmo v/status/900410025927090177 …"
TweetsData/rihanna.csv;2017-07-30 03:15;3814;15675;"The @claralionelfdn 2017/2018 #GlobalScholarshipProgram application is open!!! Applications are due August 1st. https:// ri-hanna.io/clfscholarship"
TweetsData/rihanna.csv;2017-07-27 01:58;34751;152260;"Thank you Mr. President @EmmanuelMacron and Madame First Lady for the incredible meeting and passion for global and girls education!"
TweetsData/rihanna.csv;2017-07-18 08:15;11028;40629;"Hollywood #Valerian premiere tonight! @LucBesson 's masterpiece out Friday. #MeetBubble pic.twitter.com/O8mKeqqwCn"
TweetsData/rihanna.csv;2017-06-24 06:30;7566;33549;"Germany, I'm checking in to see where we are on the commitment to #FundEducation w/ @GPforEducation ? @regsprecher , I'm depending on you!"
TweetsData/rihanna.csv;2017-06-24 06:11;27559;68211;"bonjour @EmmanuelMacron , will France commit to #FundEducation ?"
TweetsData/rihanna.csv;2017-06-24 05:55;10845;44297;"@JustinTrudeau I know you had our backs during the #GlobalCitizen Festival, will you recommit Canada to #FundEducation ?"
TweetsData/rihanna.csv;2017-06-24 05:38;31166;81943;"hey there @mauriciomacri , what's your plan for Argentina to commit to #FundEducation ?"
TweetsData/rihanna.csv;2017-06-23 23:22;4239;14102;"Hey Navy – step up w/ me and be a @GlblCtzn ! Demand that #G20 leaders agree in July to support 4 @GPforEducation http:// glblctzn.me/2rzrm53 pic.twitter.com/mkI21fxkpM"
TweetsData/rihanna.csv;2017-06-19 00:39;5552;23881;"Happy Father's Day @djkhaled ! Thanks for having me on #WILDTHOUGHTS @asahdkhaled !! Go behind the scenes --> https:// ri-hanna.io/btswildthoughts"
TweetsData/rihanna.csv;2017-06-18 23:35;13496;54129;"#WILDTHOUGHTS all summer http:// smarturl.it/WildTiTunes"
TweetsData/rihanna.csv;2017-06-16 18:37;15038;39197;"#WildThoughts out now! https:// ri-hanna.io/wildthoughts"
TweetsData/rihanna.csv;2017-06-16 00:28;23102;58862;". @asahdkhaled first thing tomorrow morning!!! 6AM EST. #WILDTHOUGHTS pic.twitter.com/5lDP0RLNSA"
TweetsData/rihanna.csv;2017-06-10 11:26;22959;75811;"time for the King's quarter!!! #NBAFinals"
TweetsData/rihanna.csv;2017-06-08 00:47;4149;15643;"See clips from my trip to Malawi, with @ClaraLionelFdn & @GPforEducation ,in hopes of improving students' lives... https:// twitter.com/ClaraLionelFdn /status/872476321393389569 …"
TweetsData/rihanna.csv;2017-06-01 02:46;5737;20563;"Head over to http:// FENTYBEAUTY.com and sign up to join da family! I can't fuckin wait for fall !!! @fentybeauty pic.twitter.com/8AfLCu2ntW"
TweetsData/rihanna.csv;2017-06-01 01:31;25670;72386;"You ready? @fentybeauty new generation of beauty... coming this FALL! pic.twitter.com/6wp8vdMHEh"
TweetsData/rihanna.csv;2017-05-26 04:08;5361;24110;"The slide of the summer. Get the new #FENTYXPUMA Jelly Slides —> http:// ri-hanna.io/fentyxpuma pic.twitter.com/6YMKw0IwXl"
TweetsData/rihanna.csv;2017-05-23 19:28;102914;311232;"Praying for the beautiful souls we lost, their families and loved ones, for the survivors who will forever be impacted by this #Manchester"
TweetsData/rihanna.csv;2017-05-23 19:25;56239;204679;"#Manchester has always been so close to my heart! These are innocent vulnerable kids, this could've been any of us! I'm devastated!"
TweetsData/rihanna.csv;2017-04-24 07:48;15208;44763;"Issa possibility https:// twitter.com/issarae/status /856293244077883392 …"
TweetsData/rihanna.csv;2017-04-24 07:20;7379;25925;"Lupit'z #duhrrr https:// twitter.com/mrmouthalmight y/status/856284368121319424 …"
TweetsData/rihanna.csv;2017-04-24 07:09;56201;127226;"I'm in Pit'z https:// twitter.com/lupita_nyongo/ status/855254458359586816 …"
TweetsData/rihanna.csv;2017-04-24 03:40;11514;31059;"King James!! #next #RestUpBoyz"
TweetsData/rihanna.csv;2017-04-05 08:52;4747;20001;"Spring collection is here!!! Get this season's must-have socks now at http:// ri-hanna.io/stance #RihannaXStance pic.twitter.com/VbJBfpTP5u"
TweetsData/rihanna.csv;2017-03-31 22:22;4750;19919;"Out now in the US! #FENTYXPUMA SS17 collection apparel in stores. Shop online --> http:// smarturl.it/RihannaPUMA pic.twitter.com/68nTWhdne1"
TweetsData/rihanna.csv;2017-03-15 01:49;10889;43501;"Thank you for making LOTB top 5 on the #Hot100 this week! Glory to God iTunes: http:// Ri-hanna.io/iLoveOnTheBrain TIDAL: http:// Ri-hanna.io/tLoveOnTheBrain"
TweetsData/rihanna.csv;2017-03-07 04:47;7931;27153;"BTS. Counting down the minutes until my #FENTYXPUMA AW17 fashion show! #PaRIH @puma pic.twitter.com/byZ74jVpsc"
TweetsData/rihanna.csv;2017-03-07 01:37;8632;28375;"tonight. #FENTYXPUMA #PFW pic.twitter.com/ObXbHE2Gln"
TweetsData/rihanna.csv;2017-03-06 07:01;6173;28837;"See y'all tomorrow.. rolling through PaRIH with my @puma crew at 9pm paris time. Get ready!"
TweetsData/rihanna.csv;2017-02-22 07:41;15620;54947;"LOTB just became my 30th top ten hit on @billboard 's Hot 100!!! Feeling so blessed thank you Navy!! https:// twitter.com/billboard/stat us/834128078687313920 …"
TweetsData/rihanna.csv;2017-02-09 07:55;14006;57033;"#Cover #MarchIssue @harpersbazaarus pic.twitter.com/hUbIQ9mzQP"
TweetsData/rihanna.csv;2017-02-09 07:53;5570;16592;"@harpersbazaarus #MarchIssue #AmeliaEarhart pic.twitter.com/pXcOxkY2CZ"
TweetsData/rihanna.csv;2017-01-30 20:01;47529;130931;"First looQ at #Oceans8 . Coming summer 2018. pic.twitter.com/NNbgolsnWu"
TweetsData/rihanna.csv;2017-01-30 03:29;38401;115631;"Today's lit af! Played soccer on a dirt field with the most beautiful kids in Mchingi, Northern Malawi #CLF #GC #GPE pic.twitter.com/MDBkE4jMop"
TweetsData/rihanna.csv;2017-01-29 10:59;61752;139470;"pic.twitter.com/9qbQuwmz1F"
TweetsData/rihanna.csv;2017-01-29 10:58;26186;69516;"#ANTiversary pic.twitter.com/GU775oM09c"
TweetsData/rihanna.csv;2017-01-29 09:47;169520;386434;"Disgusted! The news is devastating! America is being ruined right before our eyes! What an immoral pig you have to be to implement such BS!!"
TweetsData/rihanna.csv;2017-01-28 16:19;34351;83426;"It's our #ANTiversary !!!!"
TweetsData/rihanna.csv;2017-01-16 22:20;9471;41026;"My new fragrance #RiRiKiss is available now, look for it @macys ! Order it here —> https:// riri.fm/kiss pic.twitter.com/qWP0Kpbkuf"
TweetsData/rihanna.csv;2017-01-04 08:33;6156;28150;"Navy, get a chance at prizes from #FENTYXPUMA , Dior, and more when you donate to the @ClaraLionelFdn until tomorrow! http:// bit.ly/2hCqhp3 pic.twitter.com/U1nYP1JmMo"
TweetsData/rihanna.csv;2016-12-22 07:55;5128;21093;"Donate to @claralionelfdn & you can win all of #THECREEPER styles + a pair designed by you and me! http:// bit.ly/2hCqhp3 pic.twitter.com/a4rlbw17X6"
TweetsData/rihanna.csv;2016-12-17 09:18;12183;45999;"For my biggest fans! Collector's edition of all 8 records on vinyl is out now: http:// smarturl.it/RihannaBoxSet pic.twitter.com/yTSvXYzSQ0"
TweetsData/rihanna.csv;2016-12-09 01:39;6473;26314;"#THECREEPER is available in Velvet today! Creeper headz get the look in 3 new colorways now —> http:// smarturl.it/RihannaPUMA pic.twitter.com/Q2j5SYU0sK"
TweetsData/rihanna.csv;2016-12-02 03:16;18944;70578;"Teamed up with Prince Harry & got tested to raise awareness for #WorldAIDSDay . It's so easy to get tested & know your status! #ProTESTHIV pic.twitter.com/iOegLRpvgL"
TweetsData/rihanna.csv;2016-11-09 06:49;58365;159829;"#Election2016 #ElectionDay #ImWithHer pic.twitter.com/65zBtxNMBB"
TweetsData/rihanna.csv;2016-10-12 11:39;10539;43407;"Mumz just asked for 2 chicken wings and water right after asking if I watched Rob&Chyna dis week!"
TweetsData/rihanna.csv;2016-10-08 03:09;4421;14890;"Looking back at my #FENTYXPUMA show. Paris was so much fun!!! https:// youtu.be/AeitJuFjwNY"
TweetsData/rihanna.csv;2016-10-05 09:38;24784;66279;"My heart absolutely breaks for Haiti !!! Prayers up for my brothers and sisters who've fallen victim to this tragic event!"
TweetsData/rihanna.csv;2016-10-02 03:38;4554;13402;"Retweet or use #VoteCano to vote @robinsoncano for the Roberto Clemente award Good luck bro!"
TweetsData/rihanna.csv;2016-09-30 02:02;3874;13487;"THANK U from the bottom of my heart! https:// twitter.com/wwd/status/781 259723635040256 …"
TweetsData/rihanna.csv;2016-09-30 01:51;3596;11590;"This made me so happy!! Check out what Vogue had to say about #FENTYxPUMA SS17 --> http://www. vogue.com/fashion-shows/ spring-2017-ready-to-wear/fenty-puma …"
TweetsData/rihanna.csv;2016-09-29 22:01;4334;15619;"#THECREEPER original colorways are back at your RIHquest! Get them here right now: http:// smarturl.it/RihannaPUMA #FENTYXPUMA pic.twitter.com/1euEOXfT7i"
TweetsData/rihanna.csv;2016-09-29 01:17;4903;14006;"We go live any minute now!! Tune in for my @PUMA collection on @TIDALHiFi http:// FENTY.TIDAL.com #FENTYXPUMA #TIDALXRIHANNA pic.twitter.com/dYF7ZXF1va"
TweetsData/rihanna.csv;2016-09-29 00:51;2953;8996;"Fashion party https:// twitter.com/Bloomingdales/ status/781151487787425793 …"
TweetsData/rihanna.csv;2016-09-28 21:38;4853;16870;"WoOoOo #FENTYXPUMA SS17 premieres today at #PFW !! Stream the show at 7:30PM paris time on @TIDALHiFi http:// FENTY.TIDAL.com #TIDALXRIHANNA pic.twitter.com/nEwowp8Rg7"
TweetsData/rihanna.csv;2016-09-28 03:49;6400;18666;"Getting ready for #FENTYxPUMA show tomorrow in Paris!! Can't wait for you to see it! Tune in @TIDALHiFi http:// FENTY.TIDAL.com @7:30pm CET pic.twitter.com/4egqMfA8Tc"
TweetsData/rihanna.csv;2016-09-24 09:06;2776;8654;"thank you @JuliaGillard ! Proud to stand for education with you! @GPforEducation @GlblCtzn @ClaraLionelFdn , let's get to work!"
TweetsData/rihanna.csv;2016-09-24 09:03;5556;23380;"Honored to join @GPforEducation & @GlblCtzn team! Together w/ @ClaraLionelFDN , we'll make education accessible for all! #EducationCannotWait pic.twitter.com/6bgNsoBhq4"
TweetsData/rihanna.csv;2016-09-24 01:59;4337;8895;". @VALLINIAndre @fhollande This is great news! Looking forward to it!"
TweetsData/rihanna.csv;2016-09-23 04:25;23044;25626;". @fhollande Did you see my letter? Waiting on your answer! We need your leadership on #EducationCannotWait"
TweetsData/rihanna.csv;2016-09-19 03:38;6409;20355;"I’m a #GlobalCitizen . Join me 9/24 at #GCFestival in NYC's Central Park. Take action for tix: http:// globalcitizenfestival.com pic.twitter.com/uZzUDxQqkt"
TweetsData/rihanna.csv;2016-09-16 02:46;12229;44118;"The originals are back!!! #THECREEPER returns on September 29th in the original color ways! pic.twitter.com/n8l0zeKJFV"
TweetsData/rihanna.csv;2016-09-10 02:35;4269;13548;"Call up @JustinTrudeau to make a change! Follow the link to earn points for #GCFestival tix: http:// bit.ly/canada-call pic.twitter.com/5BzUFq41SR"
TweetsData/rihanna.csv;2016-09-07 22:00;3966;15886;"Find this spot in Brooklyn! 1st 500 to #ShowUp 4:30-7 today win free tix to see me at #GCFestival Central Park 9/24! pic.twitter.com/xsNPNusEVA"
TweetsData/rihanna.csv;2016-09-07 05:20;5833;19105;"NEW YORK who’s heading to #FENTYXPUMA pop up at @SIX02 33rd st?! Come shop with me at 7PM! pic.twitter.com/0pdAU7BVlR"
TweetsData/rihanna.csv;2016-09-07 00:02;4717;13101;"First round of my #FENTYXPUMA collection hits stores today!! http:// smarturl.it/RihannaPUMA pic.twitter.com/ZUxHJypJ3N"
TweetsData/rihanna.csv;2016-09-04 04:55;3824;13411;"Pull up Philly! Exclusive merch on sale at #MadeInAmerica http:// smarturl.it/rihannastore pic.twitter.com/0AyfzLFxNK"
TweetsData/rihanna.csv;2016-09-02 22:01;3990;12977;"The time to change is now!! Take action & enter to win VIP tix + meet & greet at #GCFestival → http:// glblctzn.me/2byEyPu pic.twitter.com/j1e1ynjKCQ"
TweetsData/rihanna.csv;2016-09-02 13:05;9317;32460;"Yoooo I'm livin for dese Rhenna stickers ! #TBT pic.twitter.com/hNdFY2dqzR"
TweetsData/rihanna.csv;2016-09-02 13:03;9249;26554;"#RhennaVanguard #VMAs pic.twitter.com/vReFC4tvqg"
TweetsData/rihanna.csv;2016-09-02 12:51;17446;46934;"#RhennaVanguard #VMAs pic.twitter.com/FMzNS4dzjQ"
TweetsData/rihanna.csv;2016-08-29 09:40;32030;69044;"1 down, 3 to go! #VMAs #RiRiVanguard pic.twitter.com/rfJbQNxHdb"
TweetsData/rihanna.csv;2016-08-27 12:37;7953;23170;"Kickin Awf the @MTV #VMAs Sun at 9PM! Thank you for this in honor of the #VMAs2016 era @pandagunda ! #RiRiVanguard https:// amp.twimg.com/v/6a15a7ed-53f 1-4c10-93fc-5dc784d42abc …"
TweetsData/rihanna.csv;2016-08-27 05:02;11520;31413;"#VMAs #RiRiVANGUARD pic.twitter.com/q4LylRE3Ly"
TweetsData/rihanna.csv;2016-08-22 22:09;11457;33850;"COMING SOON! My #FENTYXPUMA debut collection drops September 6. pic.twitter.com/qTy5hbMgyV"
TweetsData/rihanna.csv;2016-08-16 10:25;3779;12795;"Headlining day 1 of @MIAFestival ! Who’s comin to Philly wit me for #MadeInAmerica ? Tix: http:// madeinamericafest.com pic.twitter.com/NJi4LBDUr2"
TweetsData/rihanna.csv;2016-08-12 00:00;15785;45689;"Honored to take the #VMAs stage as your video #VANGUARD award recipient LIVE from NYC on August 28! pic.twitter.com/Yk0RMH2ODr"
TweetsData/rihanna.csv;2016-08-10 00:00;6098;18874;"#SEPTEMBERissue @Wmag cover on stands first in LA and NYC today. pic.twitter.com/kFzU3JD7zH"
TweetsData/rihanna.csv;2016-08-05 22:01;6628;21717;"My #FENTYXPUMA FUR SLIDE is back in stock plus all new GREY color way! Get it now: http:// smarturl.it/RihannaPUMA pic.twitter.com/9c3QvJYLJJ"
TweetsData/rihanna.csv;2016-08-04 00:02;6975;23923;"#BTS with #RIRICRUSH ! My Caribbean ladies get it first! Available now in the Caribbean, in the US Aug.15th pic.twitter.com/f5N7JlA7cb"
TweetsData/rihanna.csv;2016-08-03 01:06;3332;12277;"#MALMO tonight we back for the #ANTIWORLDTOUR !! Can't wait to party with y'all!"
TweetsData/rihanna.csv;2016-08-02 02:01;3154;9930;"So excited to be a part of @GlblCtzn 's hard work to better our world! Take action to see me at the #GCFestival 9/24: http:// glblctzn.me/29WL0BY"
TweetsData/rihanna.csv;2016-07-29 19:32;13395;41695;"Can't wait to check in @InsideBates pic.twitter.com/F9MPPLlSX1"
TweetsData/rihanna.csv;2016-07-28 22:18;4255;13583;"Get the brand new #CAMOCREEPER now here --> http:// smarturl.it/RihannaPUMA pic.twitter.com/qqRSya6zGj"
TweetsData/rihanna.csv;2016-07-28 01:38;5281;15060;"Thank you @MTV for 4 nominations for this year's #VMAs !! Navy you can click here to Vote now--> http://www. mtv.com/vma/vote"
TweetsData/rihanna.csv;2016-07-25 22:27;7259;22143;"#RIHANNADIOR sunglasses in stores now! http:// smarturl.it/RDior pic.twitter.com/INcKs9iJDn"
TweetsData/rihanna.csv;2016-07-24 05:35;4071;14975;"Parisian navy! SO excited to share my pop up shop w/ you @coletteparis ! New #ANTIWORLDTOUR merch & all things #FENTY pic.twitter.com/oxIORusK9q"
TweetsData/rihanna.csv;2016-07-15 00:56;5306;12701;"Join me and the @weareheremvmt in demanding change. Sign the petition to make your voice heard: http:// weareheremovement.com/moonshot/ #23Ways"
TweetsData/rihanna.csv;2016-07-14 19:40;12154;30824;"Thank you for all the love and support on the road! #ANTIWORLDTOUR #Navy pic.twitter.com/nD8Irpxik1"
TweetsData/rihanna.csv;2016-07-12 01:05;3042;9246;"Making of #SLEDGEHAMMERVIDEO is also on @TIDALHiFi http:// smarturl.it/Shbtst @StarTrekMovie @floriamamaroma"
TweetsData/rihanna.csv;2016-07-12 00:01;3239;8780;"#BTS on set of #SLEDGEHAMMERVIDEO on @VEVO ! http:// smarturl.it/Shbtsv @StarTrekMovie @floriamamaroma"
TweetsData/rihanna.csv;2016-07-09 20:48;7844;26125;"Why I love @startrekmovie in 50 seconds! #Sledgehammer pic.twitter.com/XiRrLke0M0"
TweetsData/rihanna.csv;2016-07-01 03:31;7801;18822;"watch the full #SLEDGEHAMMERVIDEO from @StarTrekMovie on @VEVO and @TIDALHiFi ! NOW! pic.twitter.com/lrPr0mEDoE"
TweetsData/rihanna.csv;2016-06-30 22:32;5869;14391;"#SLEDGEHAMMERVIDEO out now!! Watch on @TIDALHiFi —> http:// smarturl.it/tSledgehammerV id … @startrekmovie pic.twitter.com/AhycRE55ae"
TweetsData/rihanna.csv;2016-06-30 22:02;5574;10520;"#SLEDGEHAMMERVIDEO out now!! Watch on @VEVO —> http:// smarturl.it/vSledgehammerV id … @startrekmovie"
TweetsData/rihanna.csv;2016-06-30 21:03;7732;20339;"#SLEDGEHAMMERVIDEO out now in #IMAX and premieres in 1 hour on @VEVO and @TIDALHiFi !! pic.twitter.com/DhVZqRs5aH"
TweetsData/rihanna.csv;2016-06-30 03:39;7029;16794;"#SLEDGEHAMMERVIDEO tomorrow! 1st ever #IMAX music video debut at 9AM EST then watch @TIDALHiFi & @VEVO at 10AM EST! pic.twitter.com/uaupAsd1WG"
TweetsData/rihanna.csv;2016-06-30 01:00;8313;20744;"#SLEDGEHAMMERVIDEO tomorrow. @StarTrekMovie pic.twitter.com/s098yzj8Hk"
TweetsData/rihanna.csv;2016-06-28 00:02;3174;9021;"#MadeInAmerica tickets on sale now!! http:// madeinamericafest.com @MIAFestival"
TweetsData/rihanna.csv;2016-06-27 22:55;7936;18077;"#Sledgehammer out now from @startrekmovie ! TIDAL --> http:// smarturl.it/tSledgehammer Download --> http:// smarturl.it/dSledgehammer pic.twitter.com/EoUsKJkSX1"
TweetsData/rihanna.csv;2016-06-27 02:46;8605;19930;"#SLEDGEHAMMER @StarTrekMovie fans, be up tomorrow by 8am EST for a special premiere! pic.twitter.com/5ANOYlE4ba"
TweetsData/rihanna.csv;2016-06-22 08:54;1737;4793;"thanks for coming!! Hope you had a blast."
TweetsData/rihanna.csv;2016-06-21 05:01;5489;13886;"So hype bout headlining @MIAfestival Labor Day weekend!! See you soon Philly! #MadeInAmerica http:// MadeInAmericaFest.com pic.twitter.com/O112hezlEF"
TweetsData/rihanna.csv;2016-06-17 12:02;20752;50768;"#THISISWHATYOUCAMEFOR video out now on @VEVO @calvinharris —> http:// clvnhr.is/TIWYCFvid"
TweetsData/rihanna.csv;2016-06-16 23:15;5805;15415;"Last time we rolled into Amsterdam… https:// twitter.com/rihanna/status /348550230695874560 …"
TweetsData/rihanna.csv;2016-06-16 03:55;7313;21741;"#ANTIWorldTour Europe, we’re here!! Amsterdam you’re up first, who’s coming?!"
TweetsData/rihanna.csv;2016-06-03 13:13;15270;29748;"Listen to #NOTHINGISPROMISED on iTunes now! Thank you @mikewillmadeit . http:// smarturl.it/NothingIsPromi sed … pic.twitter.com/av6jH2cqdx"
TweetsData/rihanna.csv;2016-05-27 21:48;12398;35985;"The ‘rihanna’ sunglasses from @DIOR . #RIHANNADIOR #COMINGSOON pic.twitter.com/fpYzrPblZv"
TweetsData/rihanna.csv;2016-05-27 02:12;26389;62643;"#RIHANNADIOR pic.twitter.com/ZjFxtj4De9"
TweetsData/rihanna.csv;2016-05-26 22:05;5720;18014;"New colors of the @PUMA Creeper are out now! http:// smarturl.it/RihannaPUMA pic.twitter.com/NctLsqMlvE"
TweetsData/rihanna.csv;2016-05-26 16:28;4116;12182;"Thank you @VanityFair ! New colors out today. #THECREEPER http://www. vanityfair.com/style/2016/05/ rihanna-puma-creeper-shoe …"
TweetsData/rihanna.csv;2016-05-24 09:39;5908;17743;"#Vogue thank you! http://www. vogue.com/13438973/rihan na-billboard-music-awards-thierry-mugler/ …"
TweetsData/rihanna.csv;2016-05-23 11:20;26832;54726;"#BBMAs pic.twitter.com/4f6lVL4pBA"
TweetsData/rihanna.csv;2016-05-23 04:54;5241;11557;"Can’t wait for #BBMAs !! Navy don’t forget to vote for Chart Achievement Award —> http:// bit.ly/VoteBBMAs"
TweetsData/rihanna.csv;2016-05-13 05:03;12955;32223;"See you at the #BBMAs on May 22!! pic.twitter.com/x3MHd3ixAz"
TweetsData/rihanna.csv;2016-05-06 08:48;21614;59878;"#ANTI is the 1st album from 2016 to go @RIAA double platinum!!! Blown away by your support every day. thank you pic.twitter.com/FFGIhZYV00"
TweetsData/rihanna.csv;2016-05-04 20:41;7499;23422;"My collection with @ManoloBlahnik is in stores tomorrow! Peep the denim desserts now: http:// smarturl.it/RihannaXManolo pic.twitter.com/QY10oBv8mv"
TweetsData/rihanna.csv;2016-05-04 06:45;11198;27643;"So excited to share my new @ManoloBlahnik collection with you all!! #RIHANNAXMANOLO pic.twitter.com/7uUkbaKuxJ"
TweetsData/rihanna.csv;2016-04-30 20:31;10797;21762;"This Is What You Came For @calvinharris --> http:// clvnhr.is/downloadCH"
TweetsData/rihanna.csv;2016-04-26 03:11;7871;20729;"Part 2. Go behind the scenes of #NEEDEDMEVIDEO --> http:// smarturl.it/NeededMeBTS2v pic.twitter.com/dT2LaMqlhI"
TweetsData/rihanna.csv;2016-04-21 04:47;8076;14272;"#NEEDEDMEVIDEO --> http:// smarturl.it/tneededme"
TweetsData/rihanna.csv;2016-04-21 00:04;22252;30339;"#NEEDEDMEVIDEO out now —> http:// smarturl.it/neededmevid"
TweetsData/rihanna.csv;2016-04-20 15:33;29510;46057;"Happy 420, look out for Needed Me TODAY at NOON EST. pic.twitter.com/J5XYHQrout"
TweetsData/rihanna.csv;2016-04-19 22:52;11637;28264;"My #RihannaXStance Summer collection is here!!!!! Available right now —> http:// smarturl.it/RihannaStance pic.twitter.com/wbmPzZTjT3"
TweetsData/rihanna.csv;2016-04-11 02:48;6264;18319;"#BALTIMORE you were an absolute joy to be a part of last night! Thank you, I enjoyed you so much! #BOSTON you're up! #ANTIWORLDTOUR"
TweetsData/rihanna.csv;2016-04-06 07:01;15087;38615;"Watch @BlackGirlsRock on BET tonight at 8/7c. #BGR #ROCKSTARAWARD pic.twitter.com/mHzaBgOpx2"
TweetsData/rihanna.csv;2016-04-05 04:18;11953;30707;"#WORK at No 1 on the #HOT100 for the 7th week! Glory to God! Thank y’all for the continued love and support! #ANTI #CaribbeanTing"
TweetsData/rihanna.csv;2016-04-02 08:23;9658;20068;"Watch #KissItBetterVideo Now! VEVO --> http:// smarturl.it/KIBvideo & TIDAL --> http:// smarturl.it/KIBvideoT pic.twitter.com/UeAcjuYJtC"
TweetsData/rihanna.csv;2016-04-01 01:01;8695;13422;"#KissItBetterVIDEO VEVO: http:// smarturl.it/KIBvideo TIDAL: http:// smarturl.it/KIBvideoT"
TweetsData/rihanna.csv;2016-04-01 00:05;22766;32151;"#KISSITBETTERVIDEO #WATCH #NOW #VEVO http:// smarturl.it/KIBvideo pic.twitter.com/D8beyw10TU"
TweetsData/rihanna.csv;2016-03-31 22:42;20062;38651;"#KISSITBETTERVIDEO is coming in less than 2 hours!!! #NOON #VEVO pic.twitter.com/z6uxbLvyjG"
TweetsData/rihanna.csv;2016-03-31 00:09;19734;29584;"#KISSITBETTERVIDEO premieres TOMORROW on Vevo! Here's a teaser: pic.twitter.com/Wyr7MRUnF2"
TweetsData/rihanna.csv;2016-03-30 10:45;16264;26834;"#KISSITBETTERVIDEO #THURSDAY #NOON on VEVO! pic.twitter.com/suzH3RAWPz"
TweetsData/rihanna.csv;2016-03-30 05:57;21851;42517;"#KISSITBETTER and #NEEDEDME will both be serviced to radio tomorrow morning at 7am EST. #ANTI pic.twitter.com/vCDb4FDgvk"
TweetsData/rihanna.csv;2016-03-24 20:37;8111;24476;"Buffalo you reminded me of how much I love what I do! Can't wait to come back for real!!! Thank you! #soldout #ANTIWORLDTOUR"
TweetsData/rihanna.csv;2016-03-23 04:15;31218;69673;"Praying for all those who've been affected by acts of terror across the globe, most recent being in Brussels...Heart breaking!"
TweetsData/rihanna.csv;2016-03-21 22:50;6463;18444;"Charlotte was #TunUp lastnight AND $ old 0wt af! Thank you! This #ANTIWORLDTOUR is turning out to be the best I've ever felt on stage!"
TweetsData/rihanna.csv;2016-03-21 04:35;10171;22773;"Too trippy!!! Thanks Navy https:// twitter.com/billboard/stat us/711642431742201856 …"
TweetsData/rihanna.csv;2016-03-20 12:18;6222;20009;"Another $ old OWT crew!!! Thank you Cincinnati for holding me down! Charlotte... You're next!!! #ANTIWorldTour"
TweetsData/rihanna.csv;2016-03-18 00:56;13129;29324;"April @VOGUEmagazine cover by Mert and Marcus. Read the story: http:// vogue.cm/Xku20xG pic.twitter.com/uKEEkTghpK"
TweetsData/rihanna.csv;2016-03-16 00:57;6235;17078;"#ANTIWorldTour is in MIAMI tonight and it's $ OLD OWT!!! Only way to get tix, find @TIDALHiFi reps with red balloons"
TweetsData/rihanna.csv;2016-03-14 22:35;9263;24542;"Thank you @BlackGirlsRock for this years' Rock Star Award!! #BlackGirlsRockBET pic.twitter.com/BcoXSPx3uO"
TweetsData/rihanna.csv;2016-03-14 22:07;22085;46378;"Tampa I've missed you so much! Thank you!! #SoldOwt pic.twitter.com/IHoz5TQMm3"
TweetsData/rihanna.csv;2016-03-13 19:40;11137;29974;"Jacksonville thank you so much for making my opening night an unforgettable one!!! #SoldOwt #ANTIWORLDTOUR pic.twitter.com/ngLqZtlAGs"
TweetsData/rihanna.csv;2016-03-12 06:36;21951;43568;"I can't believe that I'm gonna be on tour in less than 24 hours!! #NavyRDie #ANTI #ANTIWorldTour See you soon pic.twitter.com/h7p66oqPBo"
TweetsData/rihanna.csv;2016-03-11 07:08;7342;20065;". @BritishVogue ’s April Issue @manoloblahnik #RihannaxManolo #DenimDesserts pic.twitter.com/D48uMgJDfL"
TweetsData/rihanna.csv;2016-03-05 09:03;4157;9455;"BTS #THETRAINER https:// youtu.be/fCMnjqByrYk"
TweetsData/rihanna.csv;2016-03-05 00:33;7862;21705;"Who grabbed #THETRAINER from my #FENTYxPUMA collection? pic.twitter.com/HbXvf2TMkN"
TweetsData/rihanna.csv;2016-03-05 00:10;4908;13950;"#THETRAINER #FENTYxPUMA pic.twitter.com/A0M0IIX2cA"
TweetsData/rihanna.csv;2016-03-04 09:46;12969;28824;"Cover story @BritishVogue --> http:// smarturl.it/RihBV on stands in the UK March 8 & everywhere March 10. pic.twitter.com/0SA9dDDxsQ"
TweetsData/rihanna.csv;2016-03-04 09:23;9005;21192;". @BritishVogue Photography: Craig McDean pic.twitter.com/Kxn5tJBuzi"
TweetsData/rihanna.csv;2016-03-01 05:27;14391;34606;"#WORK is sittin pretty at #1 for a second week in a row on #BBHot100 !!! Big ups to God and my fans!!!"
TweetsData/rihanna.csv;2016-02-29 02:00;6970;16133;"#ANTI on @Spotify http:// smarturl.it/ANTIsp"
TweetsData/rihanna.csv;2016-02-28 11:43;6617;16624;"#ANTI ---> http:// smarturl.it/daANTI"
TweetsData/rihanna.csv;2016-02-28 11:11;5683;15249;"#WORK ---> http:// smarturl.it/iRWork"
TweetsData/rihanna.csv;2016-02-26 23:10;5170;12817;"#THETRAINER is here! Cop the latest #FENTYxPUMA footwear: http:// smarturl.it/RihannaPUMA pic.twitter.com/fAm4XGD8YE"
TweetsData/rihanna.csv;2016-02-26 23:10;6853;17410;"#THETRAINER by #FENTY for @PUMA pic.twitter.com/ROjAp9km4k"
TweetsData/rihanna.csv;2016-02-25 13:31;8353;18758;"Thank you @BRITs !!! #RihannaBRITs http:// smarturl.it/rihannabritsv"
TweetsData/rihanna.csv;2016-02-24 08:05;10211;23237;"UK we back!!! Can't wait to perform at the @BRITs tomorrow! #RihannaBRITs"
TweetsData/rihanna.csv;2016-02-23 03:42;17932;32079;"#WORK tops Billboard #Hot100 !! Navy you killed it this week! #NavyRDie"
TweetsData/rihanna.csv;2016-02-23 01:19;54955;78415;"#WORK video ft. @Drake ! Watch now—> http:// smarturl.it/workvideov pic.twitter.com/U1QwHvIrXb"
TweetsData/rihanna.csv;2016-02-22 09:26;18542;51356;"Thank you for blessing me with all this love on my birthday! Yesterday was special! One Love Always"
TweetsData/rihanna.csv;2016-02-20 04:00;32595;52523;"SNEAK PEEK! #WORK video ft. @Drake coming Monday http:// smarturl.it/worksneakv pic.twitter.com/gGphgq6gfa"
TweetsData/rihanna.csv;2016-02-19 04:33;4935;12269;"#THETRAINER is coming 2.26 #FENTYxPUMA"
TweetsData/rihanna.csv;2016-02-18 23:15;4498;10116;"The countdown to autumn begins. #FENTYxPUMA #NYFW https:// youtu.be/jKALKRi4Nxo"
TweetsData/rihanna.csv;2016-02-18 11:26;8291;20922;"New look from my #FENTYxPUMA collection —> #THETRAINER pic.twitter.com/5HLW0IFgvO"
TweetsData/rihanna.csv;2016-02-18 11:02;8187;18873;"#THETRAINER from my FENTY for @PUMA collection...Coming soon #FENTYxPUMA pic.twitter.com/mNKevmDOHp"
TweetsData/rihanna.csv;2016-02-16 11:42;20884;41121;"#NAVY so sorry I couldn't be there ..... Thanks Grammys and CBS for your support tonight."
TweetsData/rihanna.csv;2016-02-16 02:21;11963;22784;"#FENTYxPUMA pic.twitter.com/BeFTFmukP1"
TweetsData/rihanna.csv;2016-02-13 11:40;16739;36194;"It’s a wrap! Thank you @PUMA squad. The debut #FENTYxPUMA collection is coming! pic.twitter.com/AfthPaOH2V"
TweetsData/rihanna.csv;2016-02-13 08:04;3649;8535;"#FENTYxPUMA goes live at 8PM est! Watch on http:// Facebook.com/Rihanna or @PUMA ’s Periscope"
TweetsData/rihanna.csv;2016-02-12 01:01;5146;12027;"Download #WORK right here---> http:// smarturl.it/iRWork"
TweetsData/rihanna.csv;2016-02-12 00:50;8185;19349;"Tomorrow! #FENTYxPUMA takes @NYFW pic.twitter.com/kGcJ83LoHv"
TweetsData/rihanna.csv;2016-02-11 04:07;11922;22573;"Navy y’all did this i$h!!! FIRST & ONLY @RIAA certified with 100M song awards & #ANTI is PLATINUM!! Thank you for the love!"
TweetsData/rihanna.csv;2016-02-07 05:45;19174;36252;"#ANTI is the number 1 album on the Billboard #Hot200 chart!!! That damn Navy!!! Thank you for your love"
TweetsData/rihanna.csv;2016-02-06 01:44;12283;21032;"NAVY, #ANTI is now in stores worldwide! Pick up your physical copy today!! pic.twitter.com/jpoZOSSU0b"
TweetsData/rihanna.csv;2016-02-05 22:35;15852;29461;"See y'all at the #GRAMMYs February 15 on @CBS at 8e/5p!! pic.twitter.com/XX0j2OIx1x"
TweetsData/rihanna.csv;2016-02-05 03:05;6710;18319;"Don't forget to catch me and my girl @TheEllenShow today on NBC!!!"
TweetsData/rihanna.csv;2016-02-04 06:46;7375;15141;"#ANTI is still #1 on iTunes --> http:// smarturl.it/daanti"
TweetsData/rihanna.csv;2016-02-03 01:30;5669;12628;"#ANTI is now available on @iTunes ---> http:// smarturl.it/dlxANTI"
TweetsData/rihanna.csv;2016-02-01 06:46;8668;18209;"#WORK feat. @DRAKE ---> http:// smarturl.it/iRWork"
TweetsData/rihanna.csv;2016-02-01 05:23;8850;20476;"#ANTI ---> http:// smarturl.it/dlxANTI"
TweetsData/rihanna.csv;2016-01-30 12:58;5060;11354;"Did you grab #ANTI yet?! @TIDALHiFi —> http:// smarturl.it/downloadANTI @GooglePlayMusic —> http:// smarturl.it/ANTIdlxgp"
TweetsData/rihanna.csv;2016-01-30 12:10;6104;13546;"#ANTI ---> http:// smarturl.it/dlxANTI"
TweetsData/rihanna.csv;2016-01-30 02:01;8464;15818;"#ANTI is number 1 on @itunes ---> http:// smarturl.it/dlxANTI"
TweetsData/rihanna.csv;2016-01-30 01:05;19161;28500;"THANK U NAVY!!! #ANTI IS PLATINUM!! https:// twitter.com/RIAA/status/69 3117513434021888 …"
TweetsData/rihanna.csv;2016-01-29 21:50;7171;15255;"Listen to #WORK from the #ANTI album here —> http:// smarturl.it/iRWork"
TweetsData/rihanna.csv;2016-01-29 13:06;12620;20864;"#ANTI deluxe album out now on @iTunes ! Get 3 new songs —> http:// smarturl.it/dlxANTI pic.twitter.com/DOiI00Zu1N"
TweetsData/rihanna.csv;2016-01-29 10:54;8116;13644;"Get #ANTI deluxe on iTunes at midnight EST tonight WORLDWIDE! —> http:// smarturl.it/dlxANTI"
TweetsData/rihanna.csv;2016-01-29 05:35;8260;16178;"Listen to #WORK from the #Anti album here —> http:// smarturl.it/iRWork"
TweetsData/rihanna.csv;2016-01-29 04:39;12750;22703;"1 MILLION in under 15 hrs!!!! NAVY R die!!!! Thank u to all my fans and @samsungmobileus Listen to ANTI now: http:// smarturl.it/getANTI"
TweetsData/rihanna.csv;2016-01-28 19:41;40029;81528;"You guys legit made me the happiest girl in the world!! I'm so grateful that you appreciate the #ANTI album! It's the most rewarding feeling"
TweetsData/rihanna.csv;2016-01-28 12:22;28632;40196;"Gift to my navy!!! #ANTI Download with code: ANTI http:// smarturl.it/RihANTI @samsungmobileus pic.twitter.com/5ffWm48v39"
TweetsData/rihanna.csv;2016-01-28 11:09;12846;22332;"Final door of #ANTIdiaRy is unlocked! Explore room 8 for #ANTI !! http:// smarturl.it/ANTIdiaRy pic.twitter.com/CyXELXnugG"
TweetsData/rihanna.csv;2016-01-28 01:42;61847;66764;"dry me ah desert him, nuh time to have you lurking, him ah go act like he nah like it"
TweetsData/rihanna.csv;2016-01-28 01:26;16206;25625;"Thank you guys #WORK is number 1 on iTunes, listen here——> http:// smarturl.it/iRWork"
TweetsData/rihanna.csv;2016-01-28 01:00;15657;23682;"#WORK feat @drake on iTunes now---> http:// smarturl.it/iRWork"
TweetsData/rihanna.csv;2016-01-27 21:00;58937;68943;"FIRST SINGLE #WORK ft. @Drake from #ANTI is here!! Listen up --> http:// smarturl.it/RihWORK pic.twitter.com/0WvHi4x3Ut"
TweetsData/rihanna.csv;2016-01-25 22:22;180186;295427;"listening to ANTI pic.twitter.com/AgqlhU0GEz"
