KimKardashian;2018-05-11 05:12;6193;87073;"The Cher concert in Vegas was literally EVERYTHINGpic.twitter.com/6ql3HPMUpz"
KimKardashian;2018-05-11 03:46;237;4534;"All about the contacts I wore at the Methttps://kkw.app.link/3ZDazhgrOM?~channel=twitter …"
KimKardashian;2018-05-11 02:12;213;3029;"Watch me on @ LiveKellyRyan tomorrow morning!! Check your local listings for airtime and channel # KellyandRyanpic.twitter.com/YKjhGPsXaG"
KimKardashian;2018-05-11 01:09;181;3505;"Which sister should be your workout buddy?https://kkw.app.link/Oo5ZB4iiOM?~channel=twitter …"
KimKardashian;2018-05-10 09:08;304;8781;"OMG https://twitter.com/zohalxo/status/994382936597192704 …"
KimKardashian;2018-05-10 05:17;234;4183;"My step-by-step Met Gala prephttps://kkw.app.link/EfuqKhRUMM?~channel=twitter …"
KimKardashian;2018-05-10 03:49;654;10695;"I love you @ TommyHilfiger Thank you for your kind words pic.twitter.com/VDT7gi0Igr"
KimKardashian;2018-05-10 02:59;219;3877;"https://www.vogue.com/article/kim-kardashian-west-versace-iconic-90s-gold-runway-hair-barrettes-glowing-bare-legs-business-of-fashion-dinner/amp …"
KimKardashian;2018-05-10 02:07;194;3048;"How I build lean muscle in my legshttps://kkw.app.link/grmUWHxCMM?~channel=twitter …"
KimKardashian;2018-05-10 00:43;152;2868;"How to detox the easy wayhttps://kkw.app.link/KtaKEO32KM?~channel=twitter …"
KimKardashian;2018-05-09 22:43;1574;28351;"OMG OMG OMG https://twitter.com/cfda/status/994200562286628864 …"
KimKardashian;2018-05-09 11:58;4215;38268;"VERSACE Spring 1995 - one of my all time favorite looks! I am so honored that this was remade for me! Thank you Donatella @ Versacepic.twitter.com/hxPV9S12R7"
KimKardashian;2018-05-09 11:41;1711;22666;"We go together like ketchup and mustard @ lalapic.twitter.com/2VrfkOjiMA"
KimKardashian;2018-05-09 11:28;4404;57638;"# Versacepic.twitter.com/lFqNYVWuZ5"
KimKardashian;2018-05-09 11:28;9034;112468;"The fampic.twitter.com/D8ZcW21t5Q"
KimKardashian;2018-05-09 10:02;65802;529381;"They caught me face timing my kids LOLhttps://twitter.com/narcicismo/status/994016148214767616 …"
KimKardashian;2018-05-09 05:47;211;3743;". @ MakeupByMario breaks down my met gala glamhttps://kkw.app.link/bVE62ndiLM?~channel=twitter …"
KimKardashian;2018-05-09 05:29;2590;48213;"No one like her.... @donatella_versacepic.twitter.com/fq21uXZ2sv"
KimKardashian;2018-05-09 01:59;149;2822;"Four moves to sleek sexy armshttps://kkw.app.link/X32e2Q21KM?~channel=twitter …"
KimKardashian;2018-05-08 22:04;1880;24889;"Thank you to my glam team who really put in work!!! New @ kkwbeauty lips coming soon!!! @ makeupbymario @ chrisappleton1 @ tombachikpic.twitter.com/MIiVO3zULY"
KimKardashian;2018-05-08 20:08;455;10469;"Duh! Of course!https://twitter.com/narcicismo/status/993821962261626887 …"
KimKardashian;2018-05-08 19:53;2721;35885;"Thank you @donatella_versace for designing this stunning dress and thank you to the @ versace team! This dress was inspired by the iconic gold chainmail and cross designs from the 1997 Versace couture show & thank you @lorraineschwartz for the beautiful jewels! # Versacepic.twitter.com/vK7PSZ7LDS"
KimKardashian;2018-05-08 13:54;1334;14464;"https://twitter.com/mileywolvs/status/993720410704437249 …"
KimKardashian;2018-05-08 13:16;18317;221825;"Love you babe wish you were here with meeeeee but you’re only finishing up 5 albums https://twitter.com/kanyewest/status/993714095638495232 …"
KimKardashian;2018-05-08 12:14;18407;121339;"pic.twitter.com/Ndg3EESA4g"
KimKardashian;2018-05-08 12:12;1735;21131;"Katy actually flew my nails on her plane over to me from LA LOL They are just glued on! So had to show her!https://twitter.com/kimkwestpics/status/993671844866809857 …"
KimKardashian;2018-05-08 11:53;69433;399591;"MET 2018pic.twitter.com/sAtPEBAUbm"
KimKardashian;2018-05-08 04:37;3182;46481;"Can you guess who I’m going with this year? Thank you DV for glamming up my room!pic.twitter.com/2EcyqecJip"
KimKardashian;2018-05-08 04:36;882;15358;"Last year’s Met # VivienneWestwoodpic.twitter.com/JRTytkb8hW"
KimKardashian;2018-05-08 03:32;264;4605;"Shop my get-fit grocery list: http://bit.ly/2K3LL8D pic.twitter.com/GpWoMNPn6S"
KimKardashian;2018-05-08 01:50;3129;54124;"Let the glam begin... Happy Met Mondaypic.twitter.com/RGxS4M3t64"
KimKardashian;2018-05-07 23:48;175;3394;"It's fitness week on my app! See my at-home cellulite workouthttps://kkw.app.link/iECeJNEdJM?~channel=twitter …"
