TheEllenShow;2018-05-11 07:35;462;6612;"What can I say? I’m all about that bass.https://twitter.com/Meghan_Trainor/status/994661262410723328 …"
TheEllenShow;2018-05-11 05:48;516;5315;"If there are 3 things I love, it’s Canadians, a good cause, and no-tie shoelaces.https://twitter.com/norm/status/994360869810196481 …"
TheEllenShow;2018-05-11 05:17;64;1002;". @ KymDouglas has some great mom tips you can try at home. Please don’t try these at home.http://ellen.tv/2ry5dDJ"
TheEllenShow;2018-05-11 04:42;173;3058;"Jennifer Garner knew she was pregnant even though a doctor and a pregnancy test said she wasn’t. That’s what I call mother’s intuition.http://ellen.tv/2I8uV8k"
TheEllenShow;2018-05-11 04:06;371;3684;"I love @ theKalenAllen. I’m so glad we Met.http://ellen.tv/2I5VUFF"
TheEllenShow;2018-05-11 03:33;109;1477;"These first-time pregnant moms in my audience just got showered with thousands of dollars worth of giveaways that you can win from home! # MothersDayhttp://ellentube.com/mothersday"
TheEllenShow;2018-05-11 02:52;111;1351;"Pickle Boy is back! And so is my new lactation consultant, Ample Andy. @ andylassner Watch the full clip here: http://ellen.tv/2K9SsWS pic.twitter.com/UC6LnqXG7f"
TheEllenShow;2018-05-11 01:57;968;6756;"My # MothersDay monologue.pic.twitter.com/YLDCHaRPbc"
TheEllenShow;2018-05-11 01:24;330;4406;"Happy birthday, Bono! I’m so excited you’re coming to my show. Let me know if you need directions. Fortunately, the streets have names. @ U2"
TheEllenShow;2018-05-11 00:26;330;3606;"Jennifer Garner couldn’t put motherhood into words. But she could put it into song. Watch the full clip here: http://ellen.tv/2Ir9VNt pic.twitter.com/Gzr2YIRZjp"
TheEllenShow;2018-05-10 11:58;6;333;"Wait a minute, did you steal my plane?!"
TheEllenShow;2018-05-10 05:35;2983;40499;"Just keep napping.pic.twitter.com/3twmvZE5yH"
TheEllenShow;2018-05-10 04:59;101;1680;"This was the best "Cash at Your Dorenbos" yet. Well, technically it’s the first "Cash at Your Dorenbos," but you get the idea. @ JonDorenbos Watch the full clip here: http://ellen.tv/2IpbpYn pic.twitter.com/z7wua53yGI"
TheEllenShow;2018-05-10 04:16;108;1671;"I did not see this coming. # ThanksSponsorhttp://ellen.tv/2I66JmP"
TheEllenShow;2018-05-10 03:45;135;2083;"If I can get @ RobLowe to guess the mystery word, the whole audience wins something HUGE. Watch the full clip here: http://ellen.tv/2jLBUcN pic.twitter.com/ozYddC22FS"
TheEllenShow;2018-05-10 02:10;151;1672;"I couldn’t be more delighted to introduce you to – all the way from the Netherlands – Rosa, Yarah, and Norah. http://ellen.tv/2K9RASj pic.twitter.com/dYyNzCJMO8"
TheEllenShow;2018-05-10 01:23;95;1619;". @ RobLowe told me about his little family feud.http://ellen.tv/2G0INPW"
TheEllenShow;2018-05-09 12:30;93;2311;"You’re up, West Coast! It’s time to watch # SplittingUpTogether... together."
TheEllenShow;2018-05-09 09:25;119;2351;"# SplittingUpTogether starts in 5 minutes if you’re on the East Coast! West Coast, consider this a warning."
TheEllenShow;2018-05-09 06:02;135;1897;"I don’t think @ WoodyHarrelson stood a chance against @ WillieNelson. Watch the full clip here: http://ellen.tv/2I5zGPO pic.twitter.com/1EkB66NVN5"
TheEllenShow;2018-05-09 05:42;135;1462;"It’s Buy a Gorilla for Your Friend Day! Okay, I just made that up, but you should anyway. http://ellen.tv/2piMQkw https://twitter.com/EDWildlifeFund/status/993929937802285056 …"
TheEllenShow;2018-05-09 04:49;131;1808;"How many of these things would you guess that @ WoodyHarrelson has done? Watch the full clip here: http://ellen.tv/2KLQayz pic.twitter.com/XbQ9ReiE2X"
TheEllenShow;2018-05-09 04:14;1644;10321;". @ PanicAtTheDisco just gave a cool performance on my show.http://ellen.tv/2I4pPK1"
TheEllenShow;2018-05-09 03:12;97;1099;"Note to self: go read @ GayleKing’s book.http://ellen.tv/2I2d2f6"
TheEllenShow;2018-05-09 01:53;132;1754;". @ WoodyHarrelson wasn’t sure what he could say about the new # HanSolo movie. Watch the full clip here: http://ellen.tv/2ru3BLo pic.twitter.com/fGEQJmJzNg"
TheEllenShow;2018-05-09 01:17;118;1475;". @ GayleKing has never smoked pot. Allegedly.http://ellen.tv/2HXaqiB"
TheEllenShow;2018-05-09 00:30;234;2291;"For # TeacherAppreciationDay, I appreciated these teachers by launching them into the rafters.http://ellen.tv/2HYtwVC"
TheEllenShow;2018-05-08 23:48;230;5387;"Largo, May 7, 2018, left side. Largo, May 7, 2018, right side.pic.twitter.com/F6pqMNUfrd"
TheEllenShow;2018-05-08 05:55;214;2990;"Tomorrow’s # SplittingUpTogether is gonna hit a high note.pic.twitter.com/JdbVuSQ40m"
TheEllenShow;2018-05-08 05:04;265;2874;"Sometimes on the show, things don’t go exactly as planned...http://ellen.tv/2Ig8gKD"
TheEllenShow;2018-05-08 04:31;124;1373;"I played "Gimme Gimme Givey" with my audience, and now I’m gonna play with you. Want a @ TCL_USA? Enter here. # ThanksSponsor http://ellen.tv/2wmRpAP http://ellen.tv/2KJTdqD"
TheEllenShow;2018-05-08 03:35;463;4996;"I @ Maroon5.http://ellen.tv/2FROWxG"
TheEllenShow;2018-05-08 02:56;1417;15100;"Somebody bring me this basket.pic.twitter.com/UEExtUv8NO"
TheEllenShow;2018-05-08 02:15;277;2603;"Josh had a big promposal idea.http://ellen.tv/2K0dGX3"
TheEllenShow;2018-05-08 00:45;1173;9388;". @ AdamLevine told me how Dusty Rose feels about being a big sister.pic.twitter.com/Nu5isy87gr"
